Timestamp,Temp,Speed
2018-12-26 14:33:59,47.236,24
2018-12-26 14:34:04,46.16,0
2018-12-26 14:34:09,46.16,0
2018-12-26 14:34:14,47.236,29
2018-12-26 14:34:19,46.698,25
2018-12-26 14:34:24,46.16,21
2018-12-26 14:34:29,46.16,22
2018-12-26 14:34:34,46.16,23
2018-12-26 14:34:39,47.236,36
2018-12-26 14:34:44,47.236,38
2018-12-26 14:34:49,46.698,35
2018-12-26 14:34:54,46.16,30
2018-12-26 14:34:59,46.16,32
2018-12-26 14:35:04,46.16,33
2018-12-26 14:35:09,46.16,34
2018-12-26 14:35:14,46.16,35
2018-12-26 14:35:19,46.16,36
2018-12-26 14:35:24,46.16,37
2018-12-26 14:35:29,45.622,33
2018-12-26 14:35:34,45.622,33
2018-12-26 14:35:39,46.16,40
2018-12-26 14:35:44,45.622,35
2018-12-26 14:35:49,45.622,36
2018-12-26 14:35:54,45.622,36
2018-12-26 14:35:59,45.622,37
2018-12-26 14:36:04,46.16,43
2018-12-26 14:36:09,45.084,33
2018-12-26 14:36:14,45.622,39
2018-12-26 14:36:19,45.084,33
2018-12-26 14:36:24,45.084,34
2018-12-26 14:36:29,45.084,34
2018-12-26 14:36:34,45.622,40
2018-12-26 14:36:39,45.084,34
2018-12-26 14:36:44,45.084,34
2018-12-26 14:36:49,44.546,29
2018-12-26 14:36:54,44.008,22
2018-12-26 14:36:59,44.008,21
2018-12-26 14:37:04,45.084,32
2018-12-26 14:37:09,44.546,26
2018-12-26 14:37:14,45.084,32
2018-12-26 14:37:19,44.546,26
2018-12-26 14:37:24,44.546,25
2018-12-26 14:37:29,44.546,25
2018-12-26 14:37:34,44.546,24
2018-12-26 14:37:39,45.084,30
2018-12-26 14:37:44,45.084,30
2018-12-26 14:37:49,44.008,0
2018-12-26 14:37:54,44.546,23
2018-12-26 14:38:00,45.084,29
2018-12-26 14:38:05,45.622,35
2018-12-26 14:38:10,45.084,29
2018-12-26 14:38:15,44.008,0
2018-12-26 14:38:20,45.084,28
2018-12-26 14:38:25,45.084,29
2018-12-26 14:38:30,45.084,29
2018-12-26 14:38:35,45.084,29
2018-12-26 14:38:40,45.084,29
2018-12-26 14:38:45,45.084,29
2018-12-26 14:38:50,44.008,0
2018-12-26 14:38:55,45.084,28
2018-12-26 14:39:00,44.546,22
2018-12-26 14:39:05,45.084,28
2018-12-26 14:39:10,44.546,22
2018-12-26 14:39:15,45.084,27
2018-12-26 14:39:20,45.084,27
2018-12-26 14:39:25,45.084,27
2018-12-26 14:39:30,45.084,27
2018-12-26 14:39:35,45.084,28
2018-12-26 14:39:40,45.084,28
2018-12-26 14:39:45,45.084,28
2018-12-26 14:39:50,45.084,28
2018-12-26 14:39:55,44.546,22
2018-12-26 14:40:00,44.546,22
2018-12-26 14:40:05,45.084,27
2018-12-26 14:40:10,45.084,27
2018-12-26 14:40:15,45.084,27
2018-12-26 14:40:20,45.084,27
2018-12-26 14:40:25,44.546,21
2018-12-26 14:40:30,44.546,21
2018-12-26 14:40:35,45.084,26
2018-12-26 14:40:40,45.084,27
2018-12-26 14:40:45,44.008,0
2018-12-26 14:40:50,45.084,26
2018-12-26 14:40:55,45.084,26
2018-12-26 14:41:00,45.084,26
2018-12-26 14:41:05,45.084,26
2018-12-26 14:41:10,45.084,26
2018-12-26 14:41:15,45.084,26
2018-12-26 14:41:20,45.084,26
2018-12-26 14:41:25,45.084,26
2018-12-26 14:41:30,45.084,26
2018-12-26 14:41:35,45.084,26
2018-12-26 14:41:40,45.084,26
2018-12-26 14:41:45,45.084,27
2018-12-26 14:41:50,44.546,21
2018-12-26 14:41:55,45.084,26
2018-12-26 14:42:00,45.084,26
2018-12-26 14:42:05,45.084,26
2018-12-26 14:42:10,45.084,26
2018-12-26 14:42:15,45.084,26
2018-12-26 14:42:20,45.084,27
2018-12-26 14:42:25,45.084,27
2018-12-26 14:42:30,45.084,27
2018-12-26 14:42:35,45.084,27
2018-12-26 14:42:40,45.084,27
2018-12-26 14:42:45,44.546,21
2018-12-26 14:42:50,45.084,27
2018-12-26 14:42:55,45.084,27
2018-12-26 14:43:00,45.084,27
2018-12-26 14:43:05,45.084,27
2018-12-26 14:43:10,45.084,27
2018-12-26 14:43:15,45.084,27
2018-12-26 14:43:20,45.084,27
2018-12-26 14:43:25,45.622,33
2018-12-26 14:43:30,45.084,28
2018-12-26 14:43:35,44.546,22
2018-12-26 14:43:40,45.084,27
2018-12-26 14:43:45,45.084,27
2018-12-26 14:43:50,44.546,22
2018-12-26 14:43:55,45.084,27
2018-12-26 14:44:00,45.084,27
2018-12-26 14:44:05,45.622,33
2018-12-26 14:44:10,45.084,28
2018-12-26 14:44:15,45.084,28
2018-12-26 14:44:20,45.084,28
2018-12-26 14:44:25,44.546,22
2018-12-26 14:44:30,45.084,28
2018-12-26 14:44:35,45.084,28
2018-12-26 14:44:40,45.084,28
2018-12-26 14:44:45,44.546,22
2018-12-26 14:44:50,45.084,27
2018-12-26 14:44:55,45.084,28
2018-12-26 14:45:00,45.084,28
2018-12-26 14:45:05,45.622,34
2018-12-26 14:45:10,45.084,28
2018-12-26 14:45:15,45.084,28
2018-12-26 14:45:20,45.084,29
2018-12-26 14:45:25,44.546,23
2018-12-26 14:45:30,45.622,34
2018-12-26 14:45:35,46.16,41
2018-12-26 14:45:40,45.084,30
2018-12-26 14:45:45,46.16,42
2018-12-26 14:45:50,46.16,43
2018-12-26 14:45:55,45.622,38
2018-12-26 14:46:00,45.084,33
2018-12-26 14:46:05,45.622,39
2018-12-26 14:46:10,45.084,34
2018-12-26 14:46:15,45.084,34
2018-12-26 14:46:20,45.084,34
2018-12-26 14:46:25,45.084,34
2018-12-26 14:46:30,45.622,40
2018-12-26 14:46:35,45.084,35
2018-12-26 14:46:40,44.546,29
2018-12-26 14:46:45,44.546,28
2018-12-26 14:46:50,44.546,28
2018-12-26 14:46:55,44.008,22
2018-12-26 14:47:00,44.546,26
2018-12-26 14:47:05,45.084,32
2018-12-26 14:47:10,44.546,26
2018-12-26 14:47:15,44.008,20
2018-12-26 14:47:20,44.546,25
2018-12-26 14:47:25,44.546,24
2018-12-26 14:47:30,44.546,24
2018-12-26 14:47:35,44.546,23
2018-12-26 14:47:40,44.546,23
2018-12-26 14:47:45,44.546,22
2018-12-26 14:47:50,44.546,22
2018-12-26 14:47:55,45.084,27
2018-12-26 14:48:00,45.084,27
2018-12-26 14:48:05,44.546,22
2018-12-26 14:48:10,44.546,21
2018-12-26 14:48:15,45.084,27
2018-12-26 14:48:20,45.084,27
2018-12-26 14:48:25,45.084,27
2018-12-26 14:48:30,45.084,27
2018-12-26 14:48:35,45.084,27
2018-12-26 14:48:40,44.546,21
2018-12-26 14:48:45,44.008,0
2018-12-26 14:48:50,45.084,26
2018-12-26 14:48:55,45.084,26
2018-12-26 14:49:00,44.546,20
2018-12-26 14:49:05,45.084,25
2018-12-26 14:49:10,45.084,25
2018-12-26 14:49:15,44.546,20
2018-12-26 14:49:20,45.084,25
2018-12-26 14:49:25,45.084,25
2018-12-26 14:49:30,45.622,31
2018-12-26 14:49:35,45.084,26
2018-12-26 14:49:40,45.084,26
2018-12-26 14:49:45,44.546,20
2018-12-26 14:49:50,45.084,26
2018-12-26 14:49:55,45.084,26
2018-12-26 14:50:00,45.084,26
2018-12-26 14:50:05,45.084,26
2018-12-26 14:50:10,45.084,26
2018-12-26 14:50:15,45.084,26
2018-12-26 14:50:20,45.084,26
2018-12-26 14:50:25,45.084,26
2018-12-26 14:50:30,44.546,20
2018-12-26 14:50:35,45.084,26
2018-12-26 14:50:40,45.084,26
2018-12-26 14:50:45,45.084,26
2018-12-26 14:50:50,45.084,26
2018-12-26 14:50:55,44.008,0
2018-12-26 14:51:00,45.084,25
2018-12-26 14:51:05,45.622,31
2018-12-26 14:51:10,45.084,26
2018-12-26 14:51:15,45.084,26
2018-12-26 14:51:20,45.084,26
2018-12-26 14:51:25,44.008,0
2018-12-26 14:51:30,45.084,25
2018-12-26 14:51:35,45.084,25
2018-12-26 14:51:40,45.084,25
2018-12-26 14:51:45,44.546,0
2018-12-26 14:51:50,45.084,25
2018-12-26 14:51:55,45.622,31
2018-12-26 14:52:00,45.084,26
2018-12-26 14:52:05,45.084,26
2018-12-26 14:52:10,45.084,26
2018-12-26 14:52:15,45.084,26
2018-12-26 14:52:20,45.084,26
2018-12-26 14:52:25,45.622,32
2018-12-26 14:52:30,45.084,27
2018-12-26 14:52:35,45.084,27
2018-12-26 14:52:40,45.084,27
2018-12-26 14:52:45,44.546,21
2018-12-26 14:52:50,45.084,26
2018-12-26 14:52:55,45.084,26
2018-12-26 14:53:00,45.084,27
2018-12-26 14:53:05,45.084,27
2018-12-26 14:53:10,45.084,27
2018-12-26 14:53:16,45.084,27
2018-12-26 14:53:21,45.622,33
2018-12-26 14:53:26,45.084,28
2018-12-26 14:53:31,45.084,28
2018-12-26 14:53:36,44.546,22
2018-12-26 14:53:41,45.622,33
2018-12-26 14:53:46,44.546,22
2018-12-26 14:53:51,44.546,21
2018-12-26 14:53:56,45.084,27
2018-12-26 14:54:01,45.084,27
2018-12-26 14:54:06,45.084,27
2018-12-26 14:54:11,45.084,27
2018-12-26 14:54:16,44.008,0
2018-12-26 14:54:21,45.622,32
2018-12-26 14:54:26,45.084,27
2018-12-26 14:54:31,45.084,27
2018-12-26 14:54:36,45.622,33
2018-12-26 14:54:41,45.084,28
2018-12-26 14:54:46,45.084,28
2018-12-26 14:54:51,45.084,28
2018-12-26 14:54:56,45.084,28
2018-12-26 14:55:01,45.084,28
2018-12-26 14:55:06,45.084,28
2018-12-26 14:55:11,45.084,28
2018-12-26 14:55:16,45.084,28
2018-12-26 14:55:21,45.084,28
2018-12-26 14:55:26,45.084,28
2018-12-26 14:55:31,45.084,29
2018-12-26 14:55:36,45.084,29
2018-12-26 14:55:41,44.546,23
2018-12-26 14:55:46,45.084,28
2018-12-26 14:55:51,44.546,22
2018-12-26 14:55:56,45.084,28
2018-12-26 14:56:01,44.008,0
2018-12-26 14:56:06,45.084,27
2018-12-26 14:56:11,44.546,21
2018-12-26 14:56:16,45.084,27
2018-12-26 14:56:21,44.546,21
2018-12-26 14:56:26,45.084,26
2018-12-26 14:56:31,45.084,26
2018-12-26 14:56:36,45.084,26
2018-12-26 14:56:41,44.546,21
2018-12-26 14:56:46,45.084,26
2018-12-26 14:56:51,45.084,26
2018-12-26 14:56:56,45.084,26
2018-12-26 14:57:01,45.084,26
2018-12-26 14:57:06,44.546,20
2018-12-26 14:57:11,45.084,26
2018-12-26 14:57:16,45.084,26
2018-12-26 14:57:21,45.084,26
2018-12-26 14:57:26,45.084,26
2018-12-26 14:57:31,45.084,26
2018-12-26 14:57:36,45.084,26
2018-12-26 14:57:41,45.084,26
2018-12-26 14:57:46,45.084,27
2018-12-26 14:57:51,45.084,27
2018-12-26 14:57:56,45.084,27
2018-12-26 14:58:01,45.084,27
2018-12-26 14:58:06,44.546,21
2018-12-26 14:58:11,45.084,26
2018-12-26 14:58:16,45.084,26
2018-12-26 14:58:21,45.084,27
2018-12-26 14:58:26,44.546,21
2018-12-26 14:58:31,45.084,26
2018-12-26 14:58:36,45.084,26
2018-12-26 14:58:41,44.008,0
2018-12-26 14:58:46,45.084,25
2018-12-26 14:58:51,45.622,31
2018-12-26 14:58:56,45.084,26
2018-12-26 14:59:01,45.084,26
2018-12-26 14:59:06,45.084,26
2018-12-26 14:59:11,45.084,26
2018-12-26 14:59:16,45.084,26
2018-12-26 14:59:21,45.084,26
2018-12-26 14:59:26,44.546,21
2018-12-26 14:59:31,45.084,26
2018-12-26 14:59:36,45.084,26
2018-12-26 14:59:41,45.084,26
2018-12-26 14:59:46,45.084,26
2018-12-26 14:59:51,45.084,26
2018-12-26 14:59:56,45.084,27
2018-12-26 15:00:01,45.084,27
2018-12-26 15:00:06,44.546,21
2018-12-26 15:00:11,44.546,20
2018-12-26 15:00:16,45.084,26
2018-12-26 15:00:21,45.084,26
2018-12-26 15:00:26,44.546,20
2018-12-26 15:00:31,45.084,26
2018-12-26 15:00:36,45.084,26
2018-12-26 15:00:41,45.084,26
2018-12-26 15:00:46,45.084,26
2018-12-26 15:00:51,45.084,26
2018-12-26 15:00:56,45.622,32
2018-12-26 15:01:01,45.084,27
2018-12-26 15:01:06,45.084,27
2018-12-26 15:01:11,45.084,27
2018-12-26 15:01:16,45.084,27
2018-12-26 15:01:21,45.084,27
2018-12-26 15:01:26,44.546,21
2018-12-26 15:01:31,45.084,27
2018-12-26 15:01:36,45.084,27
2018-12-26 15:01:41,45.084,27
2018-12-26 15:01:46,45.084,27
2018-12-26 15:01:51,45.084,27
2018-12-26 15:01:56,45.084,27
2018-12-26 15:02:01,45.084,27
2018-12-26 15:02:06,45.084,27
2018-12-26 15:02:11,45.084,27
2018-12-26 15:02:16,45.084,27
2018-12-26 15:02:21,44.546,21
2018-12-26 15:02:26,45.622,33
2018-12-26 15:02:31,45.622,33
2018-12-26 15:02:36,45.084,28
2018-12-26 15:02:41,44.546,22
2018-12-26 15:02:46,45.084,28
2018-12-26 15:02:51,45.084,28
2018-12-26 15:02:56,45.084,28
2018-12-26 15:03:01,44.546,22
2018-12-26 15:03:06,45.084,28
2018-12-26 15:03:11,45.084,28
2018-12-26 15:03:16,45.084,28
2018-12-26 15:03:21,45.084,28
2018-12-26 15:03:26,45.084,28
2018-12-26 15:03:31,45.084,28
2018-12-26 15:03:36,45.084,28
2018-12-26 15:03:41,45.084,28
2018-12-26 15:03:46,45.084,28
2018-12-26 15:03:51,45.084,28
2018-12-26 15:03:56,45.084,28
2018-12-26 15:04:01,45.084,29
2018-12-26 15:04:06,45.084,29
2018-12-26 15:04:11,44.546,23
2018-12-26 15:04:16,45.084,28
2018-12-26 15:04:21,45.084,28
2018-12-26 15:04:26,45.084,28
2018-12-26 15:04:31,45.084,28
2018-12-26 15:04:36,44.546,23
2018-12-26 15:04:41,45.084,28
2018-12-26 15:04:46,45.084,28
2018-12-26 15:04:51,45.084,28
2018-12-26 15:04:56,45.084,28
2018-12-26 15:05:01,45.084,28
2018-12-26 15:05:06,45.084,29
2018-12-26 15:05:11,45.084,29
2018-12-26 15:05:16,45.084,29
2018-12-26 15:05:21,45.084,29
2018-12-26 15:05:26,45.084,29
2018-12-26 15:05:31,45.084,29
2018-12-26 15:05:36,45.084,29
2018-12-26 15:05:41,45.084,29
2018-12-26 15:05:46,44.546,23
2018-12-26 15:05:51,45.084,29
2018-12-26 15:05:56,45.084,29
2018-12-26 15:06:01,44.546,23
2018-12-26 15:06:06,45.084,28
2018-12-26 15:06:11,45.084,29
2018-12-26 15:06:16,44.546,23
2018-12-26 15:06:21,45.084,28
2018-12-26 15:06:26,45.084,28
2018-12-26 15:06:31,44.546,22
2018-12-26 15:06:36,44.546,22
2018-12-26 15:06:41,44.546,22
2018-12-26 15:06:46,45.084,27
2018-12-26 15:06:51,45.084,27
2018-12-26 15:06:56,45.084,27
2018-12-26 15:07:01,45.084,27
2018-12-26 15:07:07,44.546,21
2018-12-26 15:07:12,45.084,27
2018-12-26 15:07:17,45.084,27
2018-12-26 15:07:22,45.084,27
2018-12-26 15:07:27,44.546,21
2018-12-26 15:07:32,44.546,21
2018-12-26 15:07:37,45.084,26
2018-12-26 15:07:42,45.084,26
2018-12-26 15:07:47,45.084,26
2018-12-26 15:07:52,45.084,26
2018-12-26 15:07:57,45.084,27
2018-12-26 15:08:02,45.084,27
2018-12-26 15:08:07,45.622,33
2018-12-26 15:08:12,45.084,27
2018-12-26 15:08:17,45.084,27
2018-12-26 15:08:22,45.622,33
2018-12-26 15:08:27,44.546,22
2018-12-26 15:08:32,45.084,28
2018-12-26 15:08:37,45.084,28
2018-12-26 15:08:42,44.546,22
2018-12-26 15:08:47,45.084,27
2018-12-26 15:08:52,45.084,27
2018-12-26 15:08:57,45.084,28
2018-12-26 15:09:02,44.546,22
2018-12-26 15:09:07,45.084,27
2018-12-26 15:09:12,45.084,27
2018-12-26 15:09:17,45.084,27
2018-12-26 15:09:22,45.084,27
2018-12-26 15:09:27,45.084,28
2018-12-26 15:09:32,45.084,28
2018-12-26 15:09:37,45.084,28
2018-12-26 15:09:42,45.084,28
2018-12-26 15:09:47,45.084,28
2018-12-26 15:09:52,45.084,28
2018-12-26 15:09:57,45.084,28
2018-12-26 15:10:02,45.084,28
2018-12-26 15:10:07,44.008,0
2018-12-26 15:10:12,44.546,21
2018-12-26 15:10:17,45.084,27
2018-12-26 15:10:22,45.084,27
2018-12-26 15:10:27,45.084,27
2018-12-26 15:10:32,45.084,27
2018-12-26 15:10:37,45.084,27
2018-12-26 15:10:42,45.084,27
2018-12-26 15:10:47,44.546,21
2018-12-26 15:10:52,45.084,27
2018-12-26 15:10:57,45.084,27
2018-12-26 15:11:02,45.084,27
2018-12-26 15:11:07,45.084,27
2018-12-26 15:11:12,45.084,27
2018-12-26 15:11:17,44.546,21
2018-12-26 15:11:22,45.084,27
2018-12-26 15:11:27,45.622,33
2018-12-26 15:11:32,45.084,27
2018-12-26 15:11:37,45.084,28
2018-12-26 15:11:42,45.084,28
2018-12-26 15:11:47,45.084,28
2018-12-26 15:11:52,45.084,28
2018-12-26 15:11:57,44.546,22
2018-12-26 15:12:02,45.084,27
2018-12-26 15:12:07,45.084,28
2018-12-26 15:12:12,45.084,28
2018-12-26 15:12:17,44.546,22
2018-12-26 15:12:22,45.084,27
2018-12-26 15:12:27,45.084,27
2018-12-26 15:12:32,45.084,27
2018-12-26 15:12:37,45.084,27
2018-12-26 15:12:42,45.084,28
2018-12-26 15:12:47,44.546,22
2018-12-26 15:12:52,45.622,33
2018-12-26 15:12:57,45.084,28
2018-12-26 15:13:02,45.084,28
2018-12-26 15:13:07,44.546,22
2018-12-26 15:13:12,45.084,28
2018-12-26 15:13:17,45.084,28
2018-12-26 15:13:22,45.084,28
2018-12-26 15:13:27,45.084,28
2018-12-26 15:13:32,45.084,28
2018-12-26 15:13:37,45.084,28
2018-12-26 15:13:42,44.546,22
2018-12-26 15:13:47,44.008,0
2018-12-26 15:13:52,45.084,27
2018-12-26 15:13:57,45.084,27
2018-12-26 15:14:02,45.084,27
2018-12-26 15:14:07,45.622,33
2018-12-26 15:14:12,44.546,22
2018-12-26 15:14:17,44.546,21
2018-12-26 15:14:22,45.084,27
2018-12-26 15:14:27,45.084,27
2018-12-26 15:14:32,45.084,27
2018-12-26 15:14:37,44.008,0
2018-12-26 15:14:42,44.546,20
2018-12-26 15:14:47,45.084,25
2018-12-26 15:14:52,44.546,20
2018-12-26 15:14:57,45.084,25
2018-12-26 15:15:02,45.084,25
2018-12-26 15:15:07,45.084,25
2018-12-26 15:15:12,45.084,25
2018-12-26 15:15:17,45.084,25
2018-12-26 15:15:22,45.084,25
2018-12-26 15:15:27,45.084,25
2018-12-26 15:15:32,45.084,26
2018-12-26 15:15:37,45.084,26
2018-12-26 15:15:42,44.546,20
2018-12-26 15:15:47,45.084,25
2018-12-26 15:15:52,45.084,25
2018-12-26 15:15:57,45.084,25
2018-12-26 15:16:02,45.084,26
2018-12-26 15:16:07,45.622,32
2018-12-26 15:16:12,45.084,26
2018-12-26 15:16:17,45.622,32
2018-12-26 15:16:22,45.084,27
2018-12-26 15:16:27,45.084,27
2018-12-26 15:16:32,45.084,27
2018-12-26 15:16:37,45.084,27
2018-12-26 15:16:42,44.546,21
2018-12-26 15:16:47,45.084,27
2018-12-26 15:16:52,45.084,27
2018-12-26 15:16:57,45.084,27
2018-12-26 15:17:02,45.622,33
2018-12-26 15:17:07,45.084,28
2018-12-26 15:17:12,45.084,28
2018-12-26 15:17:17,45.084,28
2018-12-26 15:17:22,45.084,28
2018-12-26 15:17:27,45.084,28
2018-12-26 15:17:32,45.084,28
2018-12-26 15:17:37,45.084,28
2018-12-26 15:17:42,45.084,28
2018-12-26 15:17:47,45.084,28
2018-12-26 15:17:52,45.084,28
2018-12-26 15:17:57,45.084,29
2018-12-26 15:18:02,45.084,29
2018-12-26 15:18:07,44.546,23
2018-12-26 15:18:12,45.084,28
2018-12-26 15:18:17,45.084,28
2018-12-26 15:18:22,45.084,28
2018-12-26 15:18:27,45.084,29
2018-12-26 15:18:32,44.546,23
2018-12-26 15:18:37,45.084,28
2018-12-26 15:18:42,45.084,28
2018-12-26 15:18:47,45.084,28
2018-12-26 15:18:52,45.084,28
2018-12-26 15:18:57,44.546,23
2018-12-26 15:19:02,44.546,22
2018-12-26 15:19:07,45.084,28
2018-12-26 15:19:12,45.084,28
2018-12-26 15:19:17,45.084,28
2018-12-26 15:19:22,44.546,22
2018-12-26 15:19:27,45.084,27
2018-12-26 15:19:32,45.084,27
2018-12-26 15:19:37,45.084,28
2018-12-26 15:19:42,45.084,28
2018-12-26 15:19:47,45.084,28
2018-12-26 15:19:52,44.546,22
2018-12-26 15:19:57,44.008,0
2018-12-26 15:20:02,44.546,20
2018-12-26 15:20:07,45.084,26
2018-12-26 15:20:12,45.084,26
2018-12-26 15:20:17,45.084,26
2018-12-26 15:20:22,45.084,26
2018-12-26 15:20:27,45.084,26
2018-12-26 15:20:32,45.084,26
2018-12-26 15:20:37,45.084,26
2018-12-26 15:20:42,45.084,26
2018-12-26 15:20:47,45.084,27
2018-12-26 15:20:52,45.084,27
2018-12-26 15:20:57,45.084,27
2018-12-26 15:21:02,45.084,27
2018-12-26 15:21:07,45.084,27
2018-12-26 15:21:12,45.084,27
2018-12-26 15:21:17,45.084,27
2018-12-26 15:21:22,45.084,27
2018-12-26 15:21:27,45.084,27
2018-12-26 15:21:32,45.084,27
2018-12-26 15:21:38,45.084,27
2018-12-26 15:21:43,45.084,27
2018-12-26 15:21:48,45.084,28
2018-12-26 15:21:53,45.084,28
2018-12-26 15:21:58,45.084,28
2018-12-26 15:22:03,45.084,28
2018-12-26 15:22:08,45.084,28
2018-12-26 15:22:13,45.084,28
2018-12-26 15:22:18,45.084,28
2018-12-26 15:22:23,45.084,28
2018-12-26 15:22:28,44.546,22
2018-12-26 15:22:33,45.084,28
2018-12-26 15:22:38,45.084,28
2018-12-26 15:22:43,44.546,22
2018-12-26 15:22:48,44.546,22
2018-12-26 15:22:53,45.084,27
2018-12-26 15:22:58,45.084,27
2018-12-26 15:23:03,44.546,21
2018-12-26 15:23:08,45.084,27
2018-12-26 15:23:13,44.546,21
2018-12-26 15:23:18,44.546,20
2018-12-26 15:23:23,45.622,32
2018-12-26 15:23:28,45.084,27
2018-12-26 15:23:33,45.084,27
2018-12-26 15:23:38,45.084,27
2018-12-26 15:23:43,45.084,27
2018-12-26 15:23:48,45.084,27
2018-12-26 15:23:53,45.084,27
2018-12-26 15:23:58,45.084,27
2018-12-26 15:24:03,45.084,27
2018-12-26 15:24:08,45.084,27
2018-12-26 15:24:13,45.084,27
2018-12-26 15:24:18,44.546,21
2018-12-26 15:24:23,45.084,27
2018-12-26 15:24:28,45.084,27
2018-12-26 15:24:33,45.084,27
2018-12-26 15:24:38,45.084,27
2018-12-26 15:24:43,45.084,27
2018-12-26 15:24:48,44.546,21
2018-12-26 15:24:53,44.008,0
2018-12-26 15:24:58,44.546,20
2018-12-26 15:25:03,45.084,25
2018-12-26 15:25:08,45.084,26
2018-12-26 15:25:13,45.084,26
2018-12-26 15:25:18,45.084,26
2018-12-26 15:25:23,45.084,26
2018-12-26 15:25:28,45.084,26
2018-12-26 15:25:33,45.084,26
2018-12-26 15:25:38,45.084,26
2018-12-26 15:25:43,45.084,26
2018-12-26 15:25:48,45.084,26
2018-12-26 15:25:53,45.084,26
2018-12-26 15:25:58,45.084,26
2018-12-26 15:26:03,45.084,26
2018-12-26 15:26:08,45.622,32
2018-12-26 15:26:13,44.008,0
2018-12-26 15:26:18,45.084,26
2018-12-26 15:26:23,45.084,26
2018-12-26 15:26:28,45.084,26
2018-12-26 15:26:33,45.084,26
2018-12-26 15:26:38,45.084,27
2018-12-26 15:26:43,45.084,27
2018-12-26 15:26:48,45.084,27
2018-12-26 15:26:53,45.084,27
2018-12-26 15:26:58,45.084,27
2018-12-26 15:27:03,45.084,27
2018-12-26 15:27:08,45.084,27
2018-12-26 15:27:13,45.084,27
2018-12-26 15:27:18,44.546,21
2018-12-26 15:27:23,45.084,27
2018-12-26 15:27:28,44.546,21
2018-12-26 15:27:33,45.084,26
2018-12-26 15:27:38,45.084,26
2018-12-26 15:27:43,45.084,27
2018-12-26 15:27:48,45.084,27
2018-12-26 15:27:53,45.084,27
2018-12-26 15:27:58,45.622,33
2018-12-26 15:28:03,45.084,27
2018-12-26 15:28:08,44.008,0
2018-12-26 15:28:13,45.084,27
2018-12-26 15:28:18,45.084,27
2018-12-26 15:28:23,45.084,27
2018-12-26 15:28:28,45.084,27
2018-12-26 15:28:33,45.084,27
2018-12-26 15:28:38,45.084,27
2018-12-26 15:28:43,45.084,27
2018-12-26 15:28:48,45.084,27
2018-12-26 15:28:53,45.084,27
2018-12-26 15:28:58,45.084,27
2018-12-26 15:29:03,45.084,27
2018-12-26 15:29:08,45.084,27
2018-12-26 15:29:13,45.084,28
2018-12-26 15:29:18,44.546,22
2018-12-26 15:29:23,45.084,27
2018-12-26 15:29:28,45.084,27
2018-12-26 15:29:33,44.546,21
2018-12-26 15:29:38,45.084,27
2018-12-26 15:29:43,45.084,27
2018-12-26 15:29:48,45.084,27
2018-12-26 15:29:53,45.084,27
2018-12-26 15:29:58,44.546,21
2018-12-26 15:30:03,45.622,33
2018-12-26 15:30:08,45.084,27
2018-12-26 15:30:13,45.084,27
2018-12-26 15:30:18,45.084,28
2018-12-26 15:30:23,45.084,28
2018-12-26 15:30:28,44.546,22
2018-12-26 15:30:33,45.084,27
2018-12-26 15:30:38,44.546,21
2018-12-26 15:30:43,45.084,27
2018-12-26 15:30:48,45.084,27
2018-12-26 15:30:53,44.546,21
2018-12-26 15:30:58,45.084,27
2018-12-26 15:31:03,44.546,21
2018-12-26 15:31:08,45.084,26
2018-12-26 15:31:13,45.084,26
2018-12-26 15:31:18,45.084,26
2018-12-26 15:31:23,45.084,26
2018-12-26 15:31:28,45.084,27
2018-12-26 15:31:33,44.008,0
2018-12-26 15:31:38,45.084,26
2018-12-26 15:31:43,45.084,26
2018-12-26 15:31:48,45.084,26
2018-12-26 15:31:53,45.084,26
2018-12-26 15:31:58,45.084,26
2018-12-26 15:32:03,45.084,26
2018-12-26 15:32:08,45.084,26
2018-12-26 15:32:13,45.622,32
2018-12-26 15:32:18,45.084,27
2018-12-26 15:32:23,45.084,27
2018-12-26 15:32:28,45.084,27
2018-12-26 15:32:33,45.622,33
2018-12-26 15:32:38,45.622,34
2018-12-26 15:32:43,45.622,34
2018-12-26 15:32:48,44.546,23
2018-12-26 15:32:53,45.084,29
2018-12-26 15:32:58,45.084,29
2018-12-26 15:33:03,45.084,29
2018-12-26 15:33:08,45.084,29
2018-12-26 15:33:13,45.084,29
2018-12-26 15:33:18,44.546,23
2018-12-26 15:33:23,45.084,28
2018-12-26 15:33:28,45.084,29
2018-12-26 15:33:33,45.084,29
2018-12-26 15:33:38,45.084,29
2018-12-26 15:33:43,45.084,29
2018-12-26 15:33:48,45.084,29
2018-12-26 15:33:53,45.084,29
2018-12-26 15:33:58,45.084,29
2018-12-26 15:34:03,44.546,23
2018-12-26 15:34:08,45.084,29
2018-12-26 15:34:13,45.084,29
2018-12-26 15:34:18,44.546,23
2018-12-26 15:34:23,44.546,23
2018-12-26 15:34:28,45.084,28
2018-12-26 15:34:33,45.084,28
2018-12-26 15:34:38,45.084,28
2018-12-26 15:34:43,45.084,28
2018-12-26 15:34:48,44.546,22
2018-12-26 15:34:53,45.084,28
2018-12-26 15:34:58,45.084,28
2018-12-26 15:35:03,45.084,28
2018-12-26 15:35:08,45.084,28
2018-12-26 15:35:13,44.546,22
2018-12-26 15:35:18,45.084,28
2018-12-26 15:35:23,45.084,28
2018-12-26 15:35:28,44.546,22
2018-12-26 15:35:33,45.084,27
2018-12-26 15:35:38,45.084,28
2018-12-26 15:35:43,45.084,28
2018-12-26 15:35:48,45.084,28
2018-12-26 15:35:53,44.546,22
2018-12-26 15:35:58,44.546,21
2018-12-26 15:36:03,45.084,27
2018-12-26 15:36:08,45.084,27
2018-12-26 15:36:13,45.084,27
2018-12-26 15:36:18,45.084,27
2018-12-26 15:36:23,44.008,0
2018-12-26 15:36:28,45.084,26
2018-12-26 15:36:33,45.084,26
2018-12-26 15:36:38,44.546,20
2018-12-26 15:36:43,45.622,32
2018-12-26 15:36:48,45.084,27
2018-12-26 15:36:53,45.084,27
2018-12-26 15:36:58,45.084,27
2018-12-26 15:37:03,45.084,27
2018-12-26 15:37:08,44.546,21
2018-12-26 15:37:13,44.546,21
2018-12-26 15:37:18,45.084,26
2018-12-26 15:37:23,45.084,26
2018-12-26 15:37:29,45.084,26
2018-12-26 15:37:34,45.084,26
2018-12-26 15:37:39,45.622,32
2018-12-26 15:37:44,45.084,27
2018-12-26 15:37:49,45.084,27
2018-12-26 15:37:54,45.084,27
2018-12-26 15:37:59,45.084,27
2018-12-26 15:38:04,45.084,27
2018-12-26 15:38:09,45.084,27
2018-12-26 15:38:14,45.084,27
2018-12-26 15:38:19,44.546,22
2018-12-26 15:38:24,45.084,27
2018-12-26 15:38:29,44.546,21
2018-12-26 15:38:34,45.084,27
2018-12-26 15:38:39,44.546,21
2018-12-26 15:38:44,44.546,20
2018-12-26 15:38:49,44.546,20
2018-12-26 15:38:54,45.084,25
2018-12-26 15:38:59,45.084,26
2018-12-26 15:39:04,45.084,26
2018-12-26 15:39:09,45.084,26
2018-12-26 15:39:14,45.084,26
2018-12-26 15:39:19,45.084,26
2018-12-26 15:39:24,45.084,26
2018-12-26 15:39:29,45.084,26
2018-12-26 15:39:34,45.084,26
2018-12-26 15:39:39,45.084,26
2018-12-26 15:39:44,45.084,26
2018-12-26 15:39:49,45.084,26
2018-12-26 15:39:54,44.546,21
2018-12-26 15:39:59,45.084,26
2018-12-26 15:40:04,45.084,26
2018-12-26 15:40:09,44.546,20
2018-12-26 15:40:14,45.084,26
2018-12-26 15:40:19,45.084,26
2018-12-26 15:40:24,45.084,26
2018-12-26 15:40:29,45.084,26
2018-12-26 15:40:34,45.084,26
2018-12-26 15:40:39,45.084,26
2018-12-26 15:40:44,45.084,26
2018-12-26 15:40:49,45.084,26
2018-12-26 15:40:54,45.084,26
2018-12-26 15:40:59,45.622,32
2018-12-26 15:41:04,45.084,27
2018-12-26 15:41:09,45.084,27
2018-12-26 15:41:14,45.084,27
2018-12-26 15:41:19,44.546,21
2018-12-26 15:41:24,45.084,27
2018-12-26 15:41:29,45.084,27
2018-12-26 15:41:34,45.084,27
2018-12-26 15:41:39,45.084,27
2018-12-26 15:41:44,44.546,21
2018-12-26 15:41:49,45.084,27
2018-12-26 15:41:54,45.084,27
2018-12-26 15:41:59,45.084,27
2018-12-26 15:42:04,45.084,27
2018-12-26 15:42:09,45.084,27
2018-12-26 15:42:14,45.084,27
2018-12-26 15:42:19,45.084,27
2018-12-26 15:42:24,45.084,27
2018-12-26 15:42:29,45.084,27
2018-12-26 15:42:34,45.622,33
2018-12-26 15:42:39,45.084,28
2018-12-26 15:42:44,45.084,28
2018-12-26 15:42:49,44.546,22
2018-12-26 15:42:54,45.084,28
2018-12-26 15:42:59,45.084,28
2018-12-26 15:43:04,45.084,28
2018-12-26 15:43:09,45.084,28
2018-12-26 15:43:14,44.546,22
2018-12-26 15:43:19,45.084,28
2018-12-26 15:43:24,44.546,22
2018-12-26 15:43:29,44.546,21
2018-12-26 15:43:34,45.084,27
2018-12-26 15:43:39,45.084,27
2018-12-26 15:43:44,45.084,27
2018-12-26 15:43:49,45.084,27
2018-12-26 15:43:54,45.084,27
2018-12-26 15:43:59,45.084,27
2018-12-26 15:44:04,45.084,27
2018-12-26 15:44:09,45.084,27
2018-12-26 15:44:14,45.084,28
2018-12-26 15:44:19,45.084,28
2018-12-26 15:44:24,45.084,28
2018-12-26 15:44:29,44.546,22
2018-12-26 15:44:34,45.084,27
2018-12-26 15:44:39,45.084,27
2018-12-26 15:44:44,45.084,28
2018-12-26 15:44:49,45.084,28
2018-12-26 15:44:54,44.546,22
2018-12-26 15:44:59,44.546,21
2018-12-26 15:45:04,45.084,27
2018-12-26 15:45:09,45.084,27
2018-12-26 15:45:14,45.084,27
2018-12-26 15:45:19,45.084,27
2018-12-26 15:45:24,45.084,27
2018-12-26 15:45:29,45.084,27
2018-12-26 15:45:34,45.084,27
2018-12-26 15:45:39,45.084,27
2018-12-26 15:45:44,45.084,27
2018-12-26 15:45:49,45.084,28
2018-12-26 15:45:54,45.084,28
2018-12-26 15:45:59,45.084,28
2018-12-26 15:46:04,44.546,22
2018-12-26 15:46:09,45.084,27
2018-12-26 15:46:14,44.546,22
2018-12-26 15:46:19,44.546,21
2018-12-26 15:46:24,45.084,27
2018-12-26 15:46:29,45.084,27
2018-12-26 15:46:34,45.084,27
2018-12-26 15:46:39,45.084,27
2018-12-26 15:46:44,45.084,27
2018-12-26 15:46:49,45.084,27
2018-12-26 15:46:54,45.084,27
2018-12-26 15:46:59,45.084,27
2018-12-26 15:47:04,44.546,21
2018-12-26 15:47:09,44.546,21
2018-12-26 15:47:14,45.084,26
2018-12-26 15:47:19,45.084,26
2018-12-26 15:47:24,45.084,26
2018-12-26 15:47:29,45.084,27
2018-12-26 15:47:34,44.546,21
2018-12-26 15:47:39,45.084,26
2018-12-26 15:47:44,44.546,20
2018-12-26 15:47:49,45.084,26
2018-12-26 15:47:54,45.084,26
2018-12-26 15:47:59,44.546,20
2018-12-26 15:48:04,45.084,26
2018-12-26 15:48:09,45.084,26
2018-12-26 15:48:14,44.546,20
2018-12-26 15:48:19,45.084,25
2018-12-26 15:48:24,44.546,0
2018-12-26 15:48:29,45.084,25
2018-12-26 15:48:34,45.084,25
2018-12-26 15:48:39,45.084,25
2018-12-26 15:48:44,45.084,25
2018-12-26 15:48:49,45.084,25
2018-12-26 15:48:54,45.622,31
2018-12-26 15:48:59,45.084,26
2018-12-26 15:49:04,45.622,32
2018-12-26 15:49:09,45.084,27
2018-12-26 15:49:14,44.546,21
2018-12-26 15:49:19,45.084,26
2018-12-26 15:49:24,45.084,26
2018-12-26 15:49:29,44.546,20
2018-12-26 15:49:34,45.084,26
2018-12-26 15:49:39,45.084,26
2018-12-26 15:49:44,45.084,26
2018-12-26 15:49:49,45.084,26
2018-12-26 15:49:54,45.084,26
2018-12-26 15:49:59,45.084,26
2018-12-26 15:50:04,45.084,26
2018-12-26 15:50:09,44.546,21
2018-12-26 15:50:14,45.084,26
2018-12-26 15:50:19,45.084,26
2018-12-26 15:50:24,45.084,26
2018-12-26 15:50:29,45.084,26
2018-12-26 15:50:34,45.084,26
2018-12-26 15:50:39,44.546,21
2018-12-26 15:50:44,45.084,26
2018-12-26 15:50:49,45.084,26
2018-12-26 15:50:54,45.084,26
2018-12-26 15:50:59,45.084,26
2018-12-26 15:51:04,45.084,26
2018-12-26 15:51:09,45.084,26
2018-12-26 15:51:14,45.084,27
2018-12-26 15:51:19,45.622,33
2018-12-26 15:51:24,45.084,27
2018-12-26 15:51:29,45.084,27
2018-12-26 15:51:34,45.084,27
2018-12-26 15:51:39,45.084,28
2018-12-26 15:51:44,45.084,28
2018-12-26 15:51:49,45.084,28
2018-12-26 15:51:54,45.084,28
2018-12-26 15:51:59,44.546,22
2018-12-26 15:52:04,45.084,27
2018-12-26 15:52:09,45.084,27
2018-12-26 15:52:14,45.084,28
2018-12-26 15:52:19,45.084,28
2018-12-26 15:52:24,45.084,28
2018-12-26 15:52:29,44.008,0
2018-12-26 15:52:34,45.084,27
2018-12-26 15:52:40,45.084,27
2018-12-26 15:52:45,44.546,21
2018-12-26 15:52:50,45.084,27
2018-12-26 15:52:55,45.084,27
2018-12-26 15:53:00,45.084,27
2018-12-26 15:53:05,45.084,27
2018-12-26 15:53:10,45.084,27
2018-12-26 15:53:15,44.546,21
2018-12-26 15:53:20,45.084,27
2018-12-26 15:53:25,45.084,27
2018-12-26 15:53:30,45.084,27
2018-12-26 15:53:35,44.546,21
2018-12-26 15:53:40,45.084,26
2018-12-26 15:53:45,45.084,26
2018-12-26 15:53:50,45.084,26
2018-12-26 15:53:55,45.622,32
2018-12-26 15:54:00,45.084,27
2018-12-26 15:54:05,45.084,27
2018-12-26 15:54:10,45.084,27
2018-12-26 15:54:15,45.084,27
2018-12-26 15:54:20,44.546,22
2018-12-26 15:54:25,45.084,27
2018-12-26 15:54:30,45.084,27
2018-12-26 15:54:35,45.084,27
2018-12-26 15:54:40,45.084,27
2018-12-26 15:54:45,44.008,0
2018-12-26 15:54:50,44.546,20
2018-12-26 15:54:55,45.084,26
2018-12-26 15:55:00,45.084,26
2018-12-26 15:55:05,45.084,26
2018-12-26 15:55:10,45.084,26
2018-12-26 15:55:15,45.084,26
2018-12-26 15:55:20,45.084,26
2018-12-26 15:55:25,45.084,26
2018-12-26 15:55:30,45.622,32
2018-12-26 15:55:35,45.084,27
2018-12-26 15:55:40,45.084,27
2018-12-26 15:55:45,45.084,27
2018-12-26 15:55:50,45.084,27
2018-12-26 15:55:55,45.084,27
2018-12-26 15:56:00,45.084,28
2018-12-26 15:56:05,44.546,22
2018-12-26 15:56:10,45.084,27
2018-12-26 15:56:15,45.084,27
2018-12-26 15:56:20,44.546,21
2018-12-26 15:56:25,45.084,27
2018-12-26 15:56:30,45.084,27
2018-12-26 15:56:35,45.084,27
2018-12-26 15:56:40,45.084,27
2018-12-26 15:56:45,45.084,27
2018-12-26 15:56:50,45.084,27
2018-12-26 15:56:55,44.546,22
2018-12-26 15:57:00,45.084,27
2018-12-26 15:57:05,45.084,27
2018-12-26 15:57:10,45.084,27
2018-12-26 15:57:15,45.084,27
2018-12-26 15:57:20,45.084,27
2018-12-26 15:57:25,45.084,27
2018-12-26 15:57:30,45.084,27
2018-12-26 15:57:35,44.546,22
2018-12-26 15:57:40,45.084,27
2018-12-26 15:57:45,45.084,27
2018-12-26 15:57:50,45.084,27
2018-12-26 15:57:55,45.622,33
2018-12-26 15:58:00,45.622,34
2018-12-26 15:58:05,45.084,29
2018-12-26 15:58:10,45.084,29
2018-12-26 15:58:15,45.084,29
2018-12-26 15:58:20,45.084,29
2018-12-26 15:58:25,44.546,23
2018-12-26 15:58:30,44.546,23
2018-12-26 15:58:35,45.084,28
2018-12-26 15:58:40,45.084,28
2018-12-26 15:58:45,44.008,0
2018-12-26 15:58:50,44.546,21
2018-12-26 15:58:55,45.084,27
2018-12-26 15:59:00,45.084,27
2018-12-26 15:59:05,45.084,27
2018-12-26 15:59:10,45.084,27
2018-12-26 15:59:15,45.084,27
2018-12-26 15:59:20,45.084,27
2018-12-26 15:59:25,44.546,21
2018-12-26 15:59:30,45.084,27
2018-12-26 15:59:35,45.084,27
2018-12-26 15:59:40,45.084,27
2018-12-26 15:59:45,45.084,27
2018-12-26 15:59:50,45.084,27
2018-12-26 15:59:55,44.546,21
2018-12-26 16:00:00,45.084,27
2018-12-26 16:00:05,45.084,27
2018-12-26 16:00:10,45.084,27
2018-12-26 16:00:15,44.546,21
2018-12-26 16:00:20,45.084,27
2018-12-26 16:00:25,45.084,27
2018-12-26 16:00:30,45.084,27
2018-12-26 16:00:35,45.084,27
2018-12-26 16:00:40,45.084,27
2018-12-26 16:00:45,44.546,21
2018-12-26 16:00:50,45.084,27
2018-12-26 16:00:55,45.084,27
2018-12-26 16:01:00,45.084,27
2018-12-26 16:01:05,45.084,27
2018-12-26 16:01:10,44.546,21
2018-12-26 16:01:15,45.084,26
2018-12-26 16:01:20,45.084,27
2018-12-26 16:01:25,45.084,27
2018-12-26 16:01:30,45.084,27
2018-12-26 16:01:35,45.084,27
2018-12-26 16:01:40,44.546,21
2018-12-26 16:01:45,45.084,26
2018-12-26 16:01:50,45.622,32
2018-12-26 16:01:55,45.084,27
2018-12-26 16:02:00,45.084,27
2018-12-26 16:02:05,45.084,27
2018-12-26 16:02:10,45.084,27
2018-12-26 16:02:15,45.084,27
2018-12-26 16:02:20,45.084,28
2018-12-26 16:02:25,45.084,28
2018-12-26 16:02:30,45.084,28
2018-12-26 16:02:35,45.084,28
2018-12-26 16:02:40,45.084,28
2018-12-26 16:02:45,45.084,28
2018-12-26 16:02:50,45.084,28
2018-12-26 16:02:55,44.546,22
2018-12-26 16:03:00,45.084,28
2018-12-26 16:03:05,45.084,28
2018-12-26 16:03:10,44.008,0
2018-12-26 16:03:15,45.084,27
2018-12-26 16:03:20,44.546,21
2018-12-26 16:03:25,45.084,26
2018-12-26 16:03:30,45.084,27
2018-12-26 16:03:35,44.546,21
2018-12-26 16:03:40,45.084,26
2018-12-26 16:03:45,45.084,26
2018-12-26 16:03:50,44.546,20
2018-12-26 16:03:55,44.546,20
2018-12-26 16:04:00,45.084,25
2018-12-26 16:04:05,45.084,26
2018-12-26 16:04:10,45.084,26
2018-12-26 16:04:15,45.084,26
2018-12-26 16:04:20,45.084,26
2018-12-26 16:04:25,45.084,26
2018-12-26 16:04:30,45.084,26
2018-12-26 16:04:35,45.084,26
2018-12-26 16:04:40,45.622,32
2018-12-26 16:04:45,45.084,27
2018-12-26 16:04:50,45.084,27
2018-12-26 16:04:55,45.084,27
2018-12-26 16:05:00,45.084,27
2018-12-26 16:05:05,45.084,27
2018-12-26 16:05:10,45.084,27
2018-12-26 16:05:15,45.084,27
2018-12-26 16:05:20,45.084,27
2018-12-26 16:05:25,45.084,27
2018-12-26 16:05:30,44.546,22
2018-12-26 16:05:35,45.084,27
2018-12-26 16:05:40,45.084,27
2018-12-26 16:05:45,45.622,33
2018-12-26 16:05:50,45.084,28
2018-12-26 16:05:55,45.084,28
2018-12-26 16:06:00,45.084,28
2018-12-26 16:06:05,45.084,28
2018-12-26 16:06:10,45.084,28
2018-12-26 16:06:15,45.084,28
2018-12-26 16:06:20,45.084,28
2018-12-26 16:06:25,45.084,28
2018-12-26 16:06:30,45.084,28
2018-12-26 16:06:35,45.084,29
2018-12-26 16:06:40,45.084,29
2018-12-26 16:06:45,45.084,29
2018-12-26 16:06:50,45.084,29
2018-12-26 16:06:55,44.546,23
2018-12-26 16:07:00,45.084,28
2018-12-26 16:07:05,45.084,29
2018-12-26 16:07:10,45.084,29
2018-12-26 16:07:15,44.546,23
2018-12-26 16:07:21,45.084,28
2018-12-26 16:07:26,45.084,28
2018-12-26 16:07:31,45.084,28
2018-12-26 16:07:36,44.546,23
2018-12-26 16:07:41,45.084,28
2018-12-26 16:07:46,45.084,28
2018-12-26 16:07:51,45.084,28
2018-12-26 16:07:56,45.084,28
2018-12-26 16:08:01,45.084,28
2018-12-26 16:08:06,45.084,28
2018-12-26 16:08:11,45.084,29
2018-12-26 16:08:16,45.084,29
2018-12-26 16:08:21,44.546,23
2018-12-26 16:08:26,44.546,22
2018-12-26 16:08:31,44.008,0
2018-12-26 16:08:36,45.084,27
2018-12-26 16:08:41,44.546,21
2018-12-26 16:08:46,45.084,26
2018-12-26 16:08:51,45.084,27
2018-12-26 16:08:56,45.084,27
2018-12-26 16:09:01,45.084,27
2018-12-26 16:09:06,45.084,27
2018-12-26 16:09:11,45.084,27
2018-12-26 16:09:16,44.546,21
2018-12-26 16:09:21,45.084,26
2018-12-26 16:09:26,45.084,27
2018-12-26 16:09:31,45.084,27
2018-12-26 16:09:36,45.084,27
2018-12-26 16:09:41,45.084,27
2018-12-26 16:09:46,44.546,21
2018-12-26 16:09:51,44.546,21
2018-12-26 16:09:56,45.084,26
2018-12-26 16:10:01,45.084,26
2018-12-26 16:10:06,44.546,20
2018-12-26 16:10:11,45.084,26
2018-12-26 16:10:16,45.084,26
2018-12-26 16:10:21,45.084,26
2018-12-26 16:10:26,45.084,26
2018-12-26 16:10:31,45.084,26
2018-12-26 16:10:36,45.084,26
2018-12-26 16:10:41,45.084,26
2018-12-26 16:10:46,45.084,26
2018-12-26 16:10:51,45.084,26
2018-12-26 16:10:56,45.084,26
2018-12-26 16:11:01,45.084,27
2018-12-26 16:11:06,45.084,27
2018-12-26 16:11:11,45.084,27
2018-12-26 16:11:16,44.546,21
2018-12-26 16:11:21,45.084,26
2018-12-26 16:11:26,45.084,26
2018-12-26 16:11:31,45.084,27
2018-12-26 16:11:36,44.546,21
2018-12-26 16:11:41,45.084,26
2018-12-26 16:11:46,45.084,26
2018-12-26 16:11:51,44.546,20
2018-12-26 16:11:56,45.084,26
2018-12-26 16:12:01,45.084,26
2018-12-26 16:12:06,44.008,0
2018-12-26 16:12:11,45.084,25
2018-12-26 16:12:16,45.084,25
2018-12-26 16:12:21,45.084,25
2018-12-26 16:12:26,45.084,25
2018-12-26 16:12:31,45.622,31
2018-12-26 16:12:36,45.622,32
2018-12-26 16:12:41,45.084,27
2018-12-26 16:12:46,45.084,27
2018-12-26 16:12:51,44.546,21
2018-12-26 16:12:56,44.008,0
2018-12-26 16:13:01,45.084,25
2018-12-26 16:13:06,45.084,25
2018-12-26 16:13:11,44.546,20
2018-12-26 16:13:16,45.084,25
2018-12-26 16:13:21,45.084,25
2018-12-26 16:13:26,45.084,25
2018-12-26 16:13:31,45.084,25
2018-12-26 16:13:36,45.084,25
2018-12-26 16:13:41,45.084,25
2018-12-26 16:13:46,44.546,20
2018-12-26 16:13:51,45.084,25
2018-12-26 16:13:56,45.084,25
2018-12-26 16:14:01,45.622,31
2018-12-26 16:14:06,45.622,32
2018-12-26 16:14:11,45.084,27
2018-12-26 16:14:16,45.084,27
2018-12-26 16:14:21,45.084,27
2018-12-26 16:14:26,45.084,27
2018-12-26 16:14:31,45.084,27
2018-12-26 16:14:36,45.084,27
2018-12-26 16:14:41,45.084,27
2018-12-26 16:14:46,45.084,27
2018-12-26 16:14:51,45.084,27
2018-12-26 16:14:56,45.084,27
2018-12-26 16:15:01,45.084,27
2018-12-26 16:15:06,45.084,27
2018-12-26 16:15:11,45.084,28
2018-12-26 16:15:16,45.084,28
2018-12-26 16:15:21,45.084,28
2018-12-26 16:15:26,45.084,28
2018-12-26 16:15:31,44.008,0
2018-12-26 16:15:36,45.084,27
2018-12-26 16:15:41,45.084,27
2018-12-26 16:15:46,45.084,27
2018-12-26 16:15:51,45.084,27
2018-12-26 16:15:56,45.084,27
2018-12-26 16:16:01,45.084,27
2018-12-26 16:16:06,45.084,27
2018-12-26 16:16:11,45.084,27
2018-12-26 16:16:16,45.084,28
2018-12-26 16:16:21,45.084,28
2018-12-26 16:16:26,45.084,28
2018-12-26 16:16:31,45.084,28
2018-12-26 16:16:36,45.084,28
2018-12-26 16:16:41,45.084,28
2018-12-26 16:16:46,45.084,28
2018-12-26 16:16:51,45.622,34
2018-12-26 16:16:56,45.084,29
2018-12-26 16:17:01,45.084,29
2018-12-26 16:17:06,45.084,29
2018-12-26 16:17:11,45.084,29
2018-12-26 16:17:16,45.084,29
2018-12-26 16:17:21,45.084,29
2018-12-26 16:17:26,44.546,23
2018-12-26 16:17:31,45.084,29
2018-12-26 16:17:36,44.008,0
2018-12-26 16:17:41,45.084,28
2018-12-26 16:17:46,44.546,22
2018-12-26 16:17:51,45.084,28
2018-12-26 16:17:56,44.546,22
2018-12-26 16:18:01,45.084,27
2018-12-26 16:18:06,45.084,27
2018-12-26 16:18:11,45.084,27
2018-12-26 16:18:16,45.084,27
2018-12-26 16:18:21,45.084,27
2018-12-26 16:18:26,45.084,28
2018-12-26 16:18:31,44.008,0
2018-12-26 16:18:36,45.084,27
2018-12-26 16:18:41,44.546,21
2018-12-26 16:18:46,45.622,32
2018-12-26 16:18:51,45.084,27
2018-12-26 16:18:56,45.084,27
2018-12-26 16:19:01,45.084,27
2018-12-26 16:19:06,45.084,27
2018-12-26 16:19:11,45.084,27
2018-12-26 16:19:16,45.084,27
2018-12-26 16:19:21,45.084,27
2018-12-26 16:19:26,45.084,28
2018-12-26 16:19:31,44.546,22
2018-12-26 16:19:36,45.084,27
2018-12-26 16:19:41,45.084,27
2018-12-26 16:19:46,44.546,21
2018-12-26 16:19:51,45.084,27
2018-12-26 16:19:56,45.084,27
2018-12-26 16:20:01,44.546,21
2018-12-26 16:20:06,45.084,27
2018-12-26 16:20:11,45.084,27
2018-12-26 16:20:16,45.084,27
2018-12-26 16:20:21,45.084,27
2018-12-26 16:20:26,45.084,27
2018-12-26 16:20:31,45.084,27
2018-12-26 16:20:36,44.546,21
2018-12-26 16:20:41,45.084,27
2018-12-26 16:20:46,45.084,27
2018-12-26 16:20:51,45.084,27
2018-12-26 16:20:56,45.084,27
2018-12-26 16:21:01,45.084,27
2018-12-26 16:21:06,44.546,21
2018-12-26 16:21:11,45.084,27
2018-12-26 16:21:16,44.546,21
2018-12-26 16:21:21,44.008,0
2018-12-26 16:21:26,45.084,25
2018-12-26 16:21:31,45.084,25
2018-12-26 16:21:36,45.084,25
2018-12-26 16:21:41,45.084,25
2018-12-26 16:21:46,45.084,26
2018-12-26 16:21:51,44.546,20
2018-12-26 16:21:56,45.084,25
2018-12-26 16:22:01,45.084,25
2018-12-26 16:22:06,45.084,25
2018-12-26 16:22:11,45.622,31
2018-12-26 16:22:16,44.546,20
2018-12-26 16:22:21,45.084,26
2018-12-26 16:22:27,45.084,26
2018-12-26 16:22:32,45.084,26
2018-12-26 16:22:37,45.084,26
2018-12-26 16:22:42,45.084,26
2018-12-26 16:22:47,45.084,26
2018-12-26 16:22:52,45.084,26
2018-12-26 16:22:57,45.084,26
2018-12-26 16:23:02,45.084,26
2018-12-26 16:23:07,44.546,20
2018-12-26 16:23:12,45.084,26
2018-12-26 16:23:17,45.084,26
2018-12-26 16:23:22,45.084,26
2018-12-26 16:23:27,45.084,26
2018-12-26 16:23:32,45.622,32
2018-12-26 16:23:37,45.084,27
2018-12-26 16:23:42,45.084,27
2018-12-26 16:23:47,45.084,27
2018-12-26 16:23:52,45.084,27
2018-12-26 16:23:57,45.084,27
2018-12-26 16:24:02,44.546,21
2018-12-26 16:24:07,45.084,27
2018-12-26 16:24:12,45.084,27
2018-12-26 16:24:17,45.084,27
2018-12-26 16:24:22,45.084,27
2018-12-26 16:24:27,45.084,27
2018-12-26 16:24:32,45.084,27
2018-12-26 16:24:37,45.084,27
2018-12-26 16:24:42,44.546,22
2018-12-26 16:24:47,45.084,27
2018-12-26 16:24:52,45.084,27
2018-12-26 16:24:57,45.084,27
2018-12-26 16:25:02,45.084,27
2018-12-26 16:25:07,45.084,27
2018-12-26 16:25:12,45.084,27
2018-12-26 16:25:17,45.084,27
2018-12-26 16:25:22,45.084,28
2018-12-26 16:25:27,45.084,28
2018-12-26 16:25:32,45.084,28
2018-12-26 16:25:37,45.084,28
2018-12-26 16:25:42,45.084,28
2018-12-26 16:25:47,45.084,28
2018-12-26 16:25:52,45.084,28
2018-12-26 16:25:57,45.084,28
2018-12-26 16:26:02,45.084,28
2018-12-26 16:26:07,45.084,28
2018-12-26 16:26:12,45.084,28
2018-12-26 16:26:17,44.008,0
2018-12-26 16:26:22,44.546,22
2018-12-26 16:26:27,45.084,27
2018-12-26 16:26:32,45.084,27
2018-12-26 16:26:37,44.546,21
2018-12-26 16:26:42,45.084,27
2018-12-26 16:26:47,45.084,27
2018-12-26 16:26:52,45.084,27
2018-12-26 16:26:57,45.084,27
2018-12-26 16:27:02,44.546,21
2018-12-26 16:27:07,45.084,27
2018-12-26 16:27:12,44.546,21
2018-12-26 16:27:17,45.084,26
2018-12-26 16:27:22,45.084,26
2018-12-26 16:27:27,45.084,26
2018-12-26 16:27:32,45.622,32
2018-12-26 16:27:37,45.084,27
2018-12-26 16:27:42,45.084,27
2018-12-26 16:27:47,45.084,27
2018-12-26 16:27:52,45.084,27
2018-12-26 16:27:57,45.084,27
2018-12-26 16:28:02,45.084,28
2018-12-26 16:28:07,45.084,28
2018-12-26 16:28:12,44.546,22
2018-12-26 16:28:17,45.084,27
2018-12-26 16:28:22,45.084,27
2018-12-26 16:28:27,45.084,27
2018-12-26 16:28:32,45.084,28
2018-12-26 16:28:37,45.084,28
2018-12-26 16:28:42,44.546,22
2018-12-26 16:28:47,44.546,21
2018-12-26 16:28:52,45.084,27
2018-12-26 16:28:57,45.084,27
2018-12-26 16:29:02,44.546,21
2018-12-26 16:29:07,45.084,26
2018-12-26 16:29:12,45.084,27
2018-12-26 16:29:17,45.084,27
2018-12-26 16:29:22,44.546,21
2018-12-26 16:29:27,44.008,0
2018-12-26 16:29:32,45.084,25
2018-12-26 16:29:37,45.084,25
2018-12-26 16:29:42,45.084,25
2018-12-26 16:29:47,45.084,26
2018-12-26 16:29:52,45.084,26
2018-12-26 16:29:57,45.084,26
2018-12-26 16:30:02,44.546,20
2018-12-26 16:30:07,45.084,25
2018-12-26 16:30:12,45.084,25
2018-12-26 16:30:17,45.622,31
2018-12-26 16:30:22,45.084,26
2018-12-26 16:30:27,44.546,20
2018-12-26 16:30:32,45.084,26
2018-12-26 16:30:37,45.084,26
2018-12-26 16:30:42,45.084,26
2018-12-26 16:30:47,45.084,26
2018-12-26 16:30:52,44.546,20
2018-12-26 16:30:57,45.084,26
2018-12-26 16:31:02,45.084,26
2018-12-26 16:31:07,45.084,26
2018-12-26 16:31:12,45.084,26
2018-12-26 16:31:17,45.084,26
2018-12-26 16:31:22,45.622,32
2018-12-26 16:31:27,44.546,21
2018-12-26 16:31:32,45.084,26
2018-12-26 16:31:37,45.084,26
2018-12-26 16:31:42,45.084,26
2018-12-26 16:31:47,45.084,26
2018-12-26 16:31:52,45.084,27
2018-12-26 16:31:57,45.084,27
2018-12-26 16:32:02,44.546,21
2018-12-26 16:32:07,45.084,26
2018-12-26 16:32:12,45.084,26
2018-12-26 16:32:17,45.084,26
2018-12-26 16:32:22,45.084,27
2018-12-26 16:32:27,45.622,33
2018-12-26 16:32:32,45.084,27
2018-12-26 16:32:37,44.546,21
2018-12-26 16:32:42,45.084,27
2018-12-26 16:32:47,45.084,27
2018-12-26 16:32:52,45.084,27
2018-12-26 16:32:57,44.008,0
2018-12-26 16:33:02,45.084,26
2018-12-26 16:33:07,45.622,32
2018-12-26 16:33:12,45.084,27
2018-12-26 16:33:17,45.084,27
2018-12-26 16:33:22,45.084,27
2018-12-26 16:33:27,45.084,27
2018-12-26 16:33:32,45.084,27
2018-12-26 16:33:37,45.084,27
2018-12-26 16:33:42,45.084,27
2018-12-26 16:33:47,45.084,27
2018-12-26 16:33:52,45.084,28
2018-12-26 16:33:57,44.546,22
2018-12-26 16:34:02,45.084,27
2018-12-26 16:34:07,45.084,27
2018-12-26 16:34:12,45.084,27
2018-12-26 16:34:17,44.008,0
2018-12-26 16:34:22,45.084,26
2018-12-26 16:34:27,44.546,21
2018-12-26 16:34:32,45.084,26
2018-12-26 16:34:37,44.546,20
2018-12-26 16:34:42,45.084,26
2018-12-26 16:34:47,45.084,26
2018-12-26 16:34:52,45.084,26
2018-12-26 16:34:57,45.084,26
2018-12-26 16:35:02,45.084,26
2018-12-26 16:35:07,45.084,26
2018-12-26 16:35:12,45.084,26
2018-12-26 16:35:17,44.546,20
2018-12-26 16:35:22,45.084,26
2018-12-26 16:35:27,45.084,26
2018-12-26 16:35:32,45.084,26
2018-12-26 16:35:37,45.084,26
2018-12-26 16:35:42,44.546,20
2018-12-26 16:35:47,45.084,26
2018-12-26 16:35:52,45.084,26
2018-12-26 16:35:57,45.084,26
2018-12-26 16:36:02,45.084,26
2018-12-26 16:36:07,45.084,26
2018-12-26 16:36:12,45.084,26
2018-12-26 16:36:17,45.622,32
2018-12-26 16:36:22,45.084,27
2018-12-26 16:36:27,45.084,27
2018-12-26 16:36:32,45.084,27
2018-12-26 16:36:37,45.084,27
2018-12-26 16:36:42,45.084,27
2018-12-26 16:36:48,45.084,27
2018-12-26 16:36:53,45.084,27
2018-12-26 16:36:58,45.084,27
2018-12-26 16:37:03,45.084,27
2018-12-26 16:37:08,45.084,28
2018-12-26 16:37:13,45.084,28
2018-12-26 16:37:18,45.084,28
2018-12-26 16:37:23,44.008,0
2018-12-26 16:37:28,45.084,27
2018-12-26 16:37:33,45.084,27
2018-12-26 16:37:38,45.084,27
2018-12-26 16:37:43,45.084,27
2018-12-26 16:37:48,45.084,27
2018-12-26 16:37:53,44.008,0
2018-12-26 16:37:58,45.084,26
2018-12-26 16:38:03,45.084,26
2018-12-26 16:38:08,45.084,26
2018-12-26 16:38:13,45.084,27
2018-12-26 16:38:18,45.084,27
2018-12-26 16:38:23,44.546,21
2018-12-26 16:38:28,45.084,26
2018-12-26 16:38:33,45.084,26
2018-12-26 16:38:38,45.084,26
2018-12-26 16:38:43,45.084,26
2018-12-26 16:38:48,45.084,27
2018-12-26 16:38:53,45.084,27
2018-12-26 16:38:58,45.084,27
2018-12-26 16:39:03,45.084,27
2018-12-26 16:39:08,45.084,27
2018-12-26 16:39:13,45.084,27
2018-12-26 16:39:18,45.084,27
2018-12-26 16:39:23,44.546,21
2018-12-26 16:39:28,45.622,33
2018-12-26 16:39:33,45.084,27
2018-12-26 16:39:38,44.008,0
2018-12-26 16:39:43,45.084,26
2018-12-26 16:39:48,44.546,21
2018-12-26 16:39:53,45.622,32
2018-12-26 16:39:58,44.546,21
2018-12-26 16:40:03,45.084,26
2018-12-26 16:40:08,45.084,26
2018-12-26 16:40:13,45.084,26
2018-12-26 16:40:18,45.084,26
2018-12-26 16:40:23,45.084,27
2018-12-26 16:40:28,45.084,27
2018-12-26 16:40:33,45.084,27
2018-12-26 16:40:38,45.084,27
2018-12-26 16:40:43,45.084,27
2018-12-26 16:40:48,45.084,27
2018-12-26 16:40:53,45.084,27
2018-12-26 16:40:58,45.084,27
2018-12-26 16:41:03,45.622,33
2018-12-26 16:41:08,45.084,28
2018-12-26 16:41:13,45.084,28
2018-12-26 16:41:18,45.084,28
2018-12-26 16:41:23,45.084,28
2018-12-26 16:41:28,44.008,0
2018-12-26 16:41:33,45.084,27
2018-12-26 16:41:38,44.546,21
2018-12-26 16:41:43,45.084,27
2018-12-26 16:41:48,45.084,27
2018-12-26 16:41:53,45.084,27
2018-12-26 16:41:58,45.084,27
2018-12-26 16:42:03,45.084,27
2018-12-26 16:42:08,45.084,27
2018-12-26 16:42:13,44.546,21
2018-12-26 16:42:18,45.084,27
2018-12-26 16:42:23,45.084,27
2018-12-26 16:42:28,45.084,27
2018-12-26 16:42:33,45.084,27
2018-12-26 16:42:38,45.084,27
2018-12-26 16:42:43,45.084,27
2018-12-26 16:42:48,45.084,27
2018-12-26 16:42:53,45.084,27
2018-12-26 16:42:58,45.084,28
2018-12-26 16:43:03,45.084,28
2018-12-26 16:43:08,45.084,28
2018-12-26 16:43:13,45.084,28
2018-12-26 16:43:18,45.084,28
2018-12-26 16:43:23,45.084,28
2018-12-26 16:43:28,45.084,28
2018-12-26 16:43:33,45.084,28
2018-12-26 16:43:38,45.084,28
2018-12-26 16:43:43,45.084,28
2018-12-26 16:43:48,45.084,28
2018-12-26 16:43:53,44.008,0
2018-12-26 16:43:58,45.084,27
2018-12-26 16:44:03,45.084,28
2018-12-26 16:44:08,45.084,28
2018-12-26 16:44:13,45.084,28
2018-12-26 16:44:18,45.084,28
2018-12-26 16:44:23,45.084,28
2018-12-26 16:44:28,45.084,28
2018-12-26 16:44:33,44.546,22
2018-12-26 16:44:38,45.084,28
2018-12-26 16:44:43,45.084,28
2018-12-26 16:44:48,45.084,28
2018-12-26 16:44:53,45.084,28
2018-12-26 16:44:58,45.084,28
2018-12-26 16:45:03,44.546,22
2018-12-26 16:45:08,45.084,28
2018-12-26 16:45:13,45.084,28
2018-12-26 16:45:18,45.084,28
2018-12-26 16:45:23,45.084,28
2018-12-26 16:45:28,45.084,28
2018-12-26 16:45:33,44.546,22
2018-12-26 16:45:38,45.084,28
2018-12-26 16:45:43,45.084,28
2018-12-26 16:45:48,45.084,28
2018-12-26 16:45:53,45.084,28
2018-12-26 16:45:58,45.084,28
2018-12-26 16:46:03,45.084,28
2018-12-26 16:46:08,45.084,28
2018-12-26 16:46:13,45.084,28
2018-12-26 16:46:18,45.084,28
2018-12-26 16:46:23,45.084,28
2018-12-26 16:46:28,45.084,28
2018-12-26 16:46:33,44.546,23
2018-12-26 16:46:38,45.084,28
2018-12-26 16:46:43,45.084,28
2018-12-26 16:46:48,45.084,28
2018-12-26 16:46:53,45.084,28
2018-12-26 16:46:58,45.084,28
2018-12-26 16:47:03,45.084,28
2018-12-26 16:47:08,45.084,29
2018-12-26 16:47:13,45.084,29
2018-12-26 16:47:18,45.084,29
2018-12-26 16:47:23,45.084,29
2018-12-26 16:47:28,45.084,29
2018-12-26 16:47:33,45.084,29
2018-12-26 16:47:38,45.084,29
2018-12-26 16:47:43,44.008,0
2018-12-26 16:47:48,45.084,28
2018-12-26 16:47:53,45.084,28
2018-12-26 16:47:58,44.008,0
2018-12-26 16:48:03,45.084,27
2018-12-26 16:48:08,45.084,27
2018-12-26 16:48:13,45.084,27
2018-12-26 16:48:18,45.084,28
2018-12-26 16:48:23,45.084,28
2018-12-26 16:48:28,45.084,28
2018-12-26 16:48:33,44.546,22
2018-12-26 16:48:38,45.084,27
2018-12-26 16:48:43,45.084,27
2018-12-26 16:48:48,45.084,27
2018-12-26 16:48:53,44.546,22
2018-12-26 16:48:58,45.084,27
2018-12-26 16:49:03,45.084,27
2018-12-26 16:49:08,45.084,27
2018-12-26 16:49:13,45.084,27
2018-12-26 16:49:18,44.546,22
2018-12-26 16:49:23,45.622,33
2018-12-26 16:49:28,44.546,22
2018-12-26 16:49:33,45.084,27
2018-12-26 16:49:38,45.084,27
2018-12-26 16:49:43,45.622,33
2018-12-26 16:49:48,45.084,28
2018-12-26 16:49:53,45.084,28
2018-12-26 16:49:58,45.084,28
2018-12-26 16:50:03,44.546,22
2018-12-26 16:50:08,45.084,28
2018-12-26 16:50:13,45.084,28
2018-12-26 16:50:18,45.084,28
2018-12-26 16:50:23,45.084,28
2018-12-26 16:50:28,44.546,22
2018-12-26 16:50:33,45.084,28
2018-12-26 16:50:38,45.084,28
2018-12-26 16:50:43,45.084,28
2018-12-26 16:50:48,44.546,22
2018-12-26 16:50:53,45.084,27
2018-12-26 16:50:58,45.084,28
2018-12-26 16:51:03,45.084,28
2018-12-26 16:51:08,45.084,28
2018-12-26 16:51:13,45.084,28
2018-12-26 16:51:18,45.084,28
2018-12-26 16:51:23,45.084,28
2018-12-26 16:51:29,45.622,34
2018-12-26 16:51:34,45.084,29
2018-12-26 16:51:39,45.622,35
2018-12-26 16:51:44,45.084,29
2018-12-26 16:51:49,45.084,29
2018-12-26 16:51:54,45.084,30
2018-12-26 16:51:59,45.084,30
2018-12-26 16:52:04,45.084,30
2018-12-26 16:52:09,45.084,30
2018-12-26 16:52:14,45.084,30
2018-12-26 16:52:19,45.084,30
2018-12-26 16:52:24,45.084,30
2018-12-26 16:52:29,45.084,30
2018-12-26 16:52:34,45.084,30
2018-12-26 16:52:39,44.546,24
2018-12-26 16:52:44,44.008,0
2018-12-26 16:52:49,45.084,29
2018-12-26 16:52:54,45.084,29
2018-12-26 16:52:59,44.008,0
2018-12-26 16:53:04,45.084,28
2018-12-26 16:53:09,45.084,28
2018-12-26 16:53:14,45.084,28
2018-12-26 16:53:19,45.084,28
2018-12-26 16:53:24,45.084,28
2018-12-26 16:53:29,44.546,23
2018-12-26 16:53:34,44.008,0
2018-12-26 16:53:39,45.084,27
2018-12-26 16:53:44,44.546,21
2018-12-26 16:53:49,44.546,21
2018-12-26 16:53:54,45.084,26
2018-12-26 16:53:59,45.084,26
2018-12-26 16:54:04,45.084,26
2018-12-26 16:54:09,45.084,26
2018-12-26 16:54:14,44.546,21
2018-12-26 16:54:19,45.084,26
2018-12-26 16:54:24,45.084,26
2018-12-26 16:54:29,45.084,26
2018-12-26 16:54:34,45.084,26
2018-12-26 16:54:39,45.084,26
2018-12-26 16:54:44,45.084,26
2018-12-26 16:54:49,45.084,27
2018-12-26 16:54:54,45.084,27
2018-12-26 16:54:59,45.084,27
2018-12-26 16:55:04,45.084,27
2018-12-26 16:55:09,45.084,27
2018-12-26 16:55:14,44.546,21
2018-12-26 16:55:19,45.084,27
2018-12-26 16:55:24,45.084,27
2018-12-26 16:55:29,45.084,27
2018-12-26 16:55:34,45.084,27
2018-12-26 16:55:39,45.084,27
2018-12-26 16:55:44,45.084,27
2018-12-26 16:55:49,45.084,27
2018-12-26 16:55:54,45.084,27
2018-12-26 16:55:59,45.084,27
2018-12-26 16:56:04,45.084,27
2018-12-26 16:56:09,45.084,27
2018-12-26 16:56:14,45.084,27
2018-12-26 16:56:19,45.084,28
2018-12-26 16:56:24,45.084,28
2018-12-26 16:56:29,45.084,28
2018-12-26 16:56:34,45.084,28
2018-12-26 16:56:39,45.084,28
2018-12-26 16:56:44,44.546,22
2018-12-26 16:56:49,45.084,27
2018-12-26 16:56:54,44.008,0
2018-12-26 16:56:59,45.622,32
2018-12-26 16:57:04,45.084,27
2018-12-26 16:57:09,45.084,27
2018-12-26 16:57:14,45.084,27
2018-12-26 16:57:19,44.546,22
2018-12-26 16:57:24,45.084,27
2018-12-26 16:57:29,45.084,27
2018-12-26 16:57:34,45.084,27
2018-12-26 16:57:39,44.546,21
2018-12-26 16:57:44,44.546,21
2018-12-26 16:57:49,45.084,26
2018-12-26 16:57:54,45.084,26
2018-12-26 16:57:59,45.084,27
2018-12-26 16:58:04,45.084,27
2018-12-26 16:58:09,45.084,27
2018-12-26 16:58:14,45.084,27
2018-12-26 16:58:19,45.084,27
2018-12-26 16:58:24,44.546,21
2018-12-26 16:58:29,45.084,26
2018-12-26 16:58:34,45.084,27
2018-12-26 16:58:39,45.084,27
2018-12-26 16:58:44,45.084,27
2018-12-26 16:58:49,45.084,27
2018-12-26 16:58:54,45.084,27
2018-12-26 16:58:59,44.546,21
2018-12-26 16:59:04,45.084,27
2018-12-26 16:59:09,45.084,27
2018-12-26 16:59:14,45.084,27
2018-12-26 16:59:19,45.084,27
2018-12-26 16:59:24,44.546,21
2018-12-26 16:59:29,45.084,26
2018-12-26 16:59:34,45.084,26
2018-12-26 16:59:39,45.622,32
2018-12-26 16:59:44,45.084,27
2018-12-26 16:59:49,45.084,27
2018-12-26 16:59:54,45.084,27
2018-12-26 16:59:59,45.084,27
2018-12-26 17:00:04,45.084,28
2018-12-26 17:00:09,44.546,22
2018-12-26 17:00:14,45.084,27
2018-12-26 17:00:19,45.084,27
2018-12-26 17:00:24,45.084,27
2018-12-26 17:00:29,45.084,27
2018-12-26 17:00:34,45.084,28
2018-12-26 17:00:39,45.622,34
2018-12-26 17:00:44,45.084,28
2018-12-26 17:00:49,45.084,28
2018-12-26 17:00:54,45.084,28
2018-12-26 17:00:59,45.084,28
2018-12-26 17:01:04,45.084,29
2018-12-26 17:01:09,45.084,29
2018-12-26 17:01:14,45.084,29
2018-12-26 17:01:19,44.546,23
2018-12-26 17:01:24,45.084,28
2018-12-26 17:01:29,44.546,23
2018-12-26 17:01:34,44.546,22
2018-12-26 17:01:39,44.546,22
2018-12-26 17:01:44,44.546,21
2018-12-26 17:01:49,44.546,21
2018-12-26 17:01:54,45.084,26
2018-12-26 17:01:59,44.546,20
2018-12-26 17:02:04,45.084,26
2018-12-26 17:02:09,45.084,26
2018-12-26 17:02:14,45.084,26
2018-12-26 17:02:19,45.084,26
2018-12-26 17:02:24,45.084,26
2018-12-26 17:02:29,45.084,26
2018-12-26 17:02:34,45.084,26
2018-12-26 17:02:39,45.084,26
2018-12-26 17:02:44,45.084,26
2018-12-26 17:02:49,45.084,27
2018-12-26 17:02:54,45.084,27
2018-12-26 17:02:59,44.546,21
2018-12-26 17:03:04,45.084,26
2018-12-26 17:03:09,45.084,26
2018-12-26 17:03:14,45.084,26
2018-12-26 17:03:19,45.084,27
2018-12-26 17:03:24,45.084,27
2018-12-26 17:03:29,45.084,27
2018-12-26 17:03:34,45.084,27
2018-12-26 17:03:39,45.084,27
2018-12-26 17:03:44,45.084,27
2018-12-26 17:03:49,45.084,27
2018-12-26 17:03:54,45.084,27
2018-12-26 17:03:59,45.084,27
2018-12-26 17:04:04,45.084,27
2018-12-26 17:04:09,45.084,27
2018-12-26 17:04:14,45.084,27
2018-12-26 17:04:19,45.084,28
2018-12-26 17:04:24,45.084,28
2018-12-26 17:04:29,45.084,28
2018-12-26 17:04:34,45.084,28
2018-12-26 17:04:39,45.084,28
2018-12-26 17:04:44,44.008,0
2018-12-26 17:04:49,45.084,27
2018-12-26 17:04:54,45.084,27
2018-12-26 17:04:59,45.084,27
2018-12-26 17:05:04,45.084,27
2018-12-26 17:05:09,45.084,27
2018-12-26 17:05:14,45.084,27
2018-12-26 17:05:19,45.084,27
2018-12-26 17:05:24,45.084,28
2018-12-26 17:05:29,45.084,28
2018-12-26 17:05:34,45.084,28
2018-12-26 17:05:39,45.084,28
2018-12-26 17:05:44,45.084,28
2018-12-26 17:05:50,44.546,22
2018-12-26 17:05:55,45.084,27
2018-12-26 17:06:00,45.084,28
2018-12-26 17:06:05,44.008,0
2018-12-26 17:06:10,45.084,27
2018-12-26 17:06:15,45.084,27
2018-12-26 17:06:20,45.084,27
2018-12-26 17:06:25,44.546,21
2018-12-26 17:06:30,45.084,26
2018-12-26 17:06:35,45.622,32
2018-12-26 17:06:40,45.084,27
2018-12-26 17:06:45,45.084,27
2018-12-26 17:06:50,44.008,0
2018-12-26 17:06:55,45.084,26
2018-12-26 17:07:00,45.084,26
2018-12-26 17:07:05,45.084,27
2018-12-26 17:07:10,45.084,27
2018-12-26 17:07:15,45.084,27
2018-12-26 17:07:20,45.084,27
2018-12-26 17:07:25,45.084,27
2018-12-26 17:07:30,45.084,27
2018-12-26 17:07:35,44.008,0
2018-12-26 17:07:40,45.084,26
2018-12-26 17:07:45,45.084,26
2018-12-26 17:07:50,45.084,26
2018-12-26 17:07:55,44.546,20
2018-12-26 17:08:00,45.084,26
2018-12-26 17:08:05,45.084,26
2018-12-26 17:08:10,44.546,20
2018-12-26 17:08:15,45.084,26
2018-12-26 17:08:20,45.084,26
2018-12-26 17:08:25,45.084,26
2018-12-26 17:08:30,45.084,26
2018-12-26 17:08:35,45.622,32
2018-12-26 17:08:40,45.084,27
2018-12-26 17:08:45,45.084,27
2018-12-26 17:08:50,45.084,27
2018-12-26 17:08:55,45.084,27
2018-12-26 17:09:00,45.084,27
2018-12-26 17:09:05,45.084,27
2018-12-26 17:09:10,45.084,27
2018-12-26 17:09:15,45.084,27
2018-12-26 17:09:20,45.084,27
2018-12-26 17:09:25,45.084,27
2018-12-26 17:09:30,44.546,21
2018-12-26 17:09:35,45.084,27
2018-12-26 17:09:40,45.084,27
2018-12-26 17:09:45,45.084,27
2018-12-26 17:09:50,45.084,27
2018-12-26 17:09:55,45.084,27
2018-12-26 17:10:00,45.084,27
2018-12-26 17:10:05,45.084,27
2018-12-26 17:10:10,45.084,27
2018-12-26 17:10:15,45.084,28
2018-12-26 17:10:20,44.546,22
2018-12-26 17:10:25,45.084,27
2018-12-26 17:10:30,45.084,27
2018-12-26 17:10:35,44.546,21
2018-12-26 17:10:40,45.084,27
2018-12-26 17:10:45,45.084,27
2018-12-26 17:10:50,45.084,27
2018-12-26 17:10:55,45.084,27
2018-12-26 17:11:00,44.546,21
2018-12-26 17:11:05,44.546,21
2018-12-26 17:11:10,44.546,20
2018-12-26 17:11:15,45.084,26
2018-12-26 17:11:20,44.546,20
2018-12-26 17:11:25,45.084,26
2018-12-26 17:11:30,45.084,26
2018-12-26 17:11:35,45.084,26
2018-12-26 17:11:40,45.084,26
2018-12-26 17:11:45,45.084,26
2018-12-26 17:11:50,45.084,26
2018-12-26 17:11:55,45.084,26
2018-12-26 17:12:00,45.084,26
2018-12-26 17:12:05,45.084,26
2018-12-26 17:12:10,45.622,32
2018-12-26 17:12:15,44.546,21
2018-12-26 17:12:20,45.084,26
2018-12-26 17:12:25,44.546,21
2018-12-26 17:12:30,44.546,20
2018-12-26 17:12:35,44.546,20
2018-12-26 17:12:40,44.546,0
2018-12-26 17:12:45,45.084,25
2018-12-26 17:12:50,45.084,25
2018-12-26 17:12:55,45.084,25
2018-12-26 17:13:00,44.546,0
2018-12-26 17:13:05,45.084,24
2018-12-26 17:13:10,45.084,25
2018-12-26 17:13:15,45.084,25
2018-12-26 17:13:20,45.622,31
2018-12-26 17:13:25,45.084,25
2018-12-26 17:13:30,45.084,25
2018-12-26 17:13:35,45.084,26
2018-12-26 17:13:40,45.084,26
2018-12-26 17:13:45,45.084,26
2018-12-26 17:13:50,45.084,26
2018-12-26 17:13:55,45.084,26
2018-12-26 17:14:00,45.084,26
2018-12-26 17:14:05,45.084,26
2018-12-26 17:14:10,45.084,26
2018-12-26 17:14:15,44.546,20
2018-12-26 17:14:20,45.084,26
2018-12-26 17:14:25,45.084,26
2018-12-26 17:14:30,45.084,26
2018-12-26 17:14:35,45.084,26
2018-12-26 17:14:40,45.084,26
2018-12-26 17:14:45,45.084,26
2018-12-26 17:14:50,45.084,26
2018-12-26 17:14:55,45.084,26
2018-12-26 17:15:00,45.622,32
2018-12-26 17:15:05,45.084,27
2018-12-26 17:15:10,45.084,27
2018-12-26 17:15:15,45.084,27
2018-12-26 17:15:20,45.622,33
2018-12-26 17:15:25,45.084,28
2018-12-26 17:15:30,45.084,28
2018-12-26 17:15:35,45.084,28
2018-12-26 17:15:40,45.084,28
2018-12-26 17:15:45,45.084,28
2018-12-26 17:15:50,45.084,28
2018-12-26 17:15:55,45.084,28
2018-12-26 17:16:00,45.084,29
2018-12-26 17:16:05,45.084,29
2018-12-26 17:16:10,45.084,29
2018-12-26 17:16:15,45.084,29
2018-12-26 17:16:20,45.084,29
2018-12-26 17:16:25,44.546,23
2018-12-26 17:16:30,44.546,23
2018-12-26 17:16:35,45.084,28
2018-12-26 17:16:40,45.084,28
2018-12-26 17:16:45,44.546,22
2018-12-26 17:16:50,45.084,28
2018-12-26 17:16:55,45.084,28
2018-12-26 17:17:00,45.084,28
2018-12-26 17:17:05,44.008,0
2018-12-26 17:17:10,45.084,27
2018-12-26 17:17:15,45.084,27
2018-12-26 17:17:20,44.008,0
2018-12-26 17:17:25,45.084,26
2018-12-26 17:17:30,45.084,26
2018-12-26 17:17:35,45.084,26
2018-12-26 17:17:40,45.084,26
2018-12-26 17:17:45,45.084,27
2018-12-26 17:17:50,45.084,27
2018-12-26 17:17:55,45.084,27
2018-12-26 17:18:00,45.084,27
2018-12-26 17:18:05,45.084,27
2018-12-26 17:18:10,45.084,27
2018-12-26 17:18:15,45.084,27
2018-12-26 17:18:20,45.084,27
2018-12-26 17:18:25,45.084,27
2018-12-26 17:18:30,45.084,27
2018-12-26 17:18:35,45.084,27
2018-12-26 17:18:40,45.084,27
2018-12-26 17:18:45,45.084,28
2018-12-26 17:18:50,44.546,22
2018-12-26 17:18:55,45.084,27
2018-12-26 17:19:00,45.084,27
2018-12-26 17:19:05,45.084,27
2018-12-26 17:19:10,45.084,27
2018-12-26 17:19:15,45.084,27
2018-12-26 17:19:20,45.084,28
2018-12-26 17:19:25,45.622,34
2018-12-26 17:19:30,45.084,28
2018-12-26 17:19:35,45.084,28
2018-12-26 17:19:40,45.084,28
2018-12-26 17:19:45,45.084,29
2018-12-26 17:19:50,45.084,29
2018-12-26 17:19:55,44.546,23
2018-12-26 17:20:00,45.084,28
2018-12-26 17:20:05,45.084,28
2018-12-26 17:20:10,44.546,22
2018-12-26 17:20:15,44.546,22
2018-12-26 17:20:20,45.084,28
2018-12-26 17:20:25,45.084,28
2018-12-26 17:20:30,44.546,22
2018-12-26 17:20:36,45.084,27
2018-12-26 17:20:41,45.084,27
2018-12-26 17:20:46,45.084,27
2018-12-26 17:20:51,45.084,27
2018-12-26 17:20:56,45.084,28
2018-12-26 17:21:01,45.084,28
2018-12-26 17:21:06,45.084,28
2018-12-26 17:21:11,45.084,28
2018-12-26 17:21:16,45.084,28
2018-12-26 17:21:21,44.546,22
2018-12-26 17:21:26,45.084,28
2018-12-26 17:21:31,44.546,22
2018-12-26 17:21:36,45.084,27
2018-12-26 17:21:41,45.084,27
2018-12-26 17:21:46,45.084,27
2018-12-26 17:21:51,44.546,21
2018-12-26 17:21:56,45.084,27
2018-12-26 17:22:01,45.084,27
2018-12-26 17:22:06,45.084,27
2018-12-26 17:22:11,45.084,27
2018-12-26 17:22:16,45.084,27
2018-12-26 17:22:21,45.084,27
2018-12-26 17:22:26,44.546,22
2018-12-26 17:22:31,45.084,27
2018-12-26 17:22:36,45.084,27
2018-12-26 17:22:41,45.084,27
2018-12-26 17:22:46,45.084,27
2018-12-26 17:22:51,45.084,27
2018-12-26 17:22:56,45.084,27
2018-12-26 17:23:01,45.084,28
2018-12-26 17:23:06,45.084,28
2018-12-26 17:23:11,45.084,28
2018-12-26 17:23:16,45.084,28
2018-12-26 17:23:21,45.084,28
2018-12-26 17:23:26,45.084,28
2018-12-26 17:23:31,44.546,22
2018-12-26 17:23:36,45.084,28
2018-12-26 17:23:41,45.084,28
2018-12-26 17:23:46,45.084,28
2018-12-26 17:23:51,45.084,28
2018-12-26 17:23:56,44.546,22
2018-12-26 17:24:01,45.084,27
2018-12-26 17:24:06,45.084,28
2018-12-26 17:24:11,45.084,28
2018-12-26 17:24:16,45.084,28
2018-12-26 17:24:21,45.084,28
2018-12-26 17:24:26,44.546,22
2018-12-26 17:24:31,45.084,27
2018-12-26 17:24:36,45.084,27
2018-12-26 17:24:41,45.084,28
2018-12-26 17:24:46,45.084,28
2018-12-26 17:24:51,45.084,28
2018-12-26 17:24:56,45.084,28
2018-12-26 17:25:01,45.084,28
2018-12-26 17:25:06,45.084,28
2018-12-26 17:25:11,45.084,28
2018-12-26 17:25:16,45.084,28
2018-12-26 17:25:21,44.546,22
2018-12-26 17:25:26,45.084,28
2018-12-26 17:25:31,45.084,28
2018-12-26 17:25:36,45.084,28
2018-12-26 17:25:41,45.084,28
2018-12-26 17:25:46,45.084,28
2018-12-26 17:25:51,45.084,28
2018-12-26 17:25:56,44.546,22
2018-12-26 17:26:01,45.084,28
2018-12-26 17:26:06,45.084,28
2018-12-26 17:26:11,45.084,28
2018-12-26 17:26:16,45.622,34
2018-12-26 17:26:21,45.084,29
2018-12-26 17:26:26,45.084,29
2018-12-26 17:26:31,45.084,29
2018-12-26 17:26:36,45.084,29
2018-12-26 17:26:41,44.546,23
2018-12-26 17:26:46,45.084,29
2018-12-26 17:26:51,45.084,29
2018-12-26 17:26:56,44.546,23
2018-12-26 17:27:01,45.084,28
2018-12-26 17:27:06,44.546,22
2018-12-26 17:27:11,45.084,28
2018-12-26 17:27:16,45.084,28
2018-12-26 17:27:21,44.546,22
2018-12-26 17:27:26,45.084,28
2018-12-26 17:27:31,45.084,28
2018-12-26 17:27:36,45.084,28
2018-12-26 17:27:41,45.084,28
2018-12-26 17:27:46,44.546,22
2018-12-26 17:27:51,45.084,28
2018-12-26 17:27:56,45.084,28
2018-12-26 17:28:01,44.546,22
2018-12-26 17:28:06,45.084,27
2018-12-26 17:28:11,45.084,27
2018-12-26 17:28:16,45.084,27
2018-12-26 17:28:21,45.084,27
2018-12-26 17:28:26,45.084,28
2018-12-26 17:28:31,45.084,28
2018-12-26 17:28:36,45.084,28
2018-12-26 17:28:41,45.084,28
2018-12-26 17:28:46,45.084,28
2018-12-26 17:28:51,45.084,28
2018-12-26 17:28:56,44.546,22
2018-12-26 17:29:01,45.084,28
2018-12-26 17:29:06,44.546,22
2018-12-26 17:29:11,45.084,27
2018-12-26 17:29:16,45.084,27
2018-12-26 17:29:21,45.084,27
2018-12-26 17:29:26,45.084,28
2018-12-26 17:29:31,45.084,28
2018-12-26 17:29:36,45.084,28
2018-12-26 17:29:41,45.084,28
2018-12-26 17:29:46,45.084,28
2018-12-26 17:29:51,45.084,28
2018-12-26 17:29:56,45.084,28
2018-12-26 17:30:01,44.546,22
2018-12-26 17:30:06,45.084,28
2018-12-26 17:30:11,45.084,28
2018-12-26 17:30:16,45.084,28
2018-12-26 17:30:21,45.084,28
2018-12-26 17:30:26,45.084,28
2018-12-26 17:30:31,45.084,28
2018-12-26 17:30:36,45.084,28
2018-12-26 17:30:41,45.084,28
2018-12-26 17:30:46,44.546,22
2018-12-26 17:30:51,44.546,22
2018-12-26 17:30:56,45.084,27
2018-12-26 17:31:01,45.084,27
2018-12-26 17:31:06,45.084,28
2018-12-26 17:31:11,45.084,28
2018-12-26 17:31:16,44.546,22
2018-12-26 17:31:21,44.546,21
2018-12-26 17:31:26,45.084,27
2018-12-26 17:31:31,45.084,27
2018-12-26 17:31:36,45.084,27
2018-12-26 17:31:41,45.084,27
2018-12-26 17:31:46,44.546,21
2018-12-26 17:31:51,45.084,27
2018-12-26 17:31:56,45.084,27
2018-12-26 17:32:01,45.084,27
2018-12-26 17:32:06,45.084,27
2018-12-26 17:32:11,45.084,27
2018-12-26 17:32:16,44.546,21
2018-12-26 17:32:21,45.084,27
2018-12-26 17:32:26,45.084,27
2018-12-26 17:32:31,45.084,27
2018-12-26 17:32:36,45.084,27
2018-12-26 17:32:41,45.084,27
2018-12-26 17:32:46,45.084,27
2018-12-26 17:32:51,45.084,27
2018-12-26 17:32:56,45.084,27
2018-12-26 17:33:01,45.084,27
2018-12-26 17:33:06,45.084,27
2018-12-26 17:33:11,45.084,28
2018-12-26 17:33:16,45.084,28
2018-12-26 17:33:21,45.084,28
2018-12-26 17:33:26,45.084,28
2018-12-26 17:33:31,44.546,22
2018-12-26 17:33:36,45.084,27
2018-12-26 17:33:41,44.546,22
2018-12-26 17:33:46,45.084,27
2018-12-26 17:33:51,45.084,27
2018-12-26 17:33:56,44.546,21
2018-12-26 17:34:01,45.084,27
2018-12-26 17:34:06,45.084,27
2018-12-26 17:34:11,45.084,27
2018-12-26 17:34:16,44.546,21
2018-12-26 17:34:21,45.084,27
2018-12-26 17:34:26,45.084,27
2018-12-26 17:34:31,45.084,27
2018-12-26 17:34:36,45.084,27
2018-12-26 17:34:41,45.084,27
2018-12-26 17:34:46,45.084,27
2018-12-26 17:34:51,45.084,27
2018-12-26 17:34:56,45.084,27
2018-12-26 17:35:01,45.084,27
2018-12-26 17:35:06,45.084,27
2018-12-26 17:35:11,45.084,27
2018-12-26 17:35:16,44.546,22
2018-12-26 17:35:21,44.546,21
2018-12-26 17:35:26,45.622,32
2018-12-26 17:35:32,45.084,27
2018-12-26 17:35:37,45.084,27
2018-12-26 17:35:42,45.084,27
2018-12-26 17:35:47,45.084,27
2018-12-26 17:35:52,45.084,28
2018-12-26 17:35:57,44.546,22
2018-12-26 17:36:02,45.084,27
2018-12-26 17:36:07,45.084,27
2018-12-26 17:36:12,45.084,27
2018-12-26 17:36:17,45.084,27
2018-12-26 17:36:22,44.546,22
2018-12-26 17:36:27,45.084,27
2018-12-26 17:36:32,45.084,27
2018-12-26 17:36:37,45.084,27
2018-12-26 17:36:42,45.084,27
2018-12-26 17:36:47,45.084,27
2018-12-26 17:36:52,45.084,27
2018-12-26 17:36:57,45.084,28
2018-12-26 17:37:02,45.084,28
2018-12-26 17:37:07,45.084,28
2018-12-26 17:37:12,45.084,28
2018-12-26 17:37:17,45.084,28
2018-12-26 17:37:22,45.084,28
2018-12-26 17:37:27,45.084,28
2018-12-26 17:37:32,45.084,28
2018-12-26 17:37:37,45.084,28
2018-12-26 17:37:42,45.084,28
2018-12-26 17:37:47,45.084,28
2018-12-26 17:37:52,45.084,28
2018-12-26 17:37:57,45.084,29
2018-12-26 17:38:02,45.084,29
2018-12-26 17:38:07,44.008,0
2018-12-26 17:38:12,45.084,28
2018-12-26 17:38:17,44.546,22
2018-12-26 17:38:22,45.084,27
2018-12-26 17:38:27,45.084,27
2018-12-26 17:38:32,45.084,28
2018-12-26 17:38:37,45.084,28
2018-12-26 17:38:42,45.084,28
2018-12-26 17:38:47,45.084,28
2018-12-26 17:38:52,45.084,28
2018-12-26 17:38:57,45.084,28
2018-12-26 17:39:02,45.084,28
2018-12-26 17:39:07,44.546,22
2018-12-26 17:39:12,45.622,34
2018-12-26 17:39:17,45.084,28
2018-12-26 17:39:22,44.546,22
2018-12-26 17:39:27,44.546,22
2018-12-26 17:39:32,45.084,27
2018-12-26 17:39:37,45.084,28
2018-12-26 17:39:42,45.084,28
2018-12-26 17:39:47,45.084,28
2018-12-26 17:39:52,45.084,28
2018-12-26 17:39:57,44.008,0
2018-12-26 17:40:02,45.084,27
2018-12-26 17:40:07,45.084,27
2018-12-26 17:40:12,44.546,21
2018-12-26 17:40:17,45.084,27
2018-12-26 17:40:22,45.084,27
2018-12-26 17:40:27,45.084,27
2018-12-26 17:40:32,45.084,27
2018-12-26 17:40:37,44.546,21
2018-12-26 17:40:42,45.084,26
2018-12-26 17:40:47,45.084,27
2018-12-26 17:40:52,45.084,27
2018-12-26 17:40:57,45.084,27
2018-12-26 17:41:02,44.546,21
2018-12-26 17:41:07,45.084,26
2018-12-26 17:41:12,45.084,26
2018-12-26 17:41:17,44.546,21
2018-12-26 17:41:22,45.084,26
2018-12-26 17:41:27,45.084,26
2018-12-26 17:41:32,45.084,26
2018-12-26 17:41:37,45.084,26
2018-12-26 17:41:42,44.546,20
2018-12-26 17:41:47,45.622,32
2018-12-26 17:41:52,45.084,27
2018-12-26 17:41:57,45.084,27
2018-12-26 17:42:02,45.084,27
2018-12-26 17:42:07,45.084,27
2018-12-26 17:42:12,45.622,33
2018-12-26 17:42:17,45.084,28
2018-12-26 17:42:22,45.084,28
2018-12-26 17:42:27,45.084,28
2018-12-26 17:42:32,44.008,0
2018-12-26 17:42:37,45.084,27
2018-12-26 17:42:42,44.546,21
2018-12-26 17:42:47,45.084,26
2018-12-26 17:42:52,45.084,27
2018-12-26 17:42:57,45.084,27
2018-12-26 17:43:02,45.084,27
2018-12-26 17:43:07,45.084,27
2018-12-26 17:43:12,45.084,27
2018-12-26 17:43:17,45.084,27
2018-12-26 17:43:22,44.546,21
2018-12-26 17:43:27,44.008,0
2018-12-26 17:43:32,45.084,26
2018-12-26 17:43:37,45.084,26
2018-12-26 17:43:42,45.084,26
2018-12-26 17:43:47,45.084,26
2018-12-26 17:43:52,45.084,26
2018-12-26 17:43:57,45.084,26
2018-12-26 17:44:02,44.546,20
2018-12-26 17:44:07,45.084,26
2018-12-26 17:44:12,45.084,26
2018-12-26 17:44:17,45.084,26
2018-12-26 17:44:22,45.084,26
2018-12-26 17:44:27,44.008,0
2018-12-26 17:44:32,44.546,0
2018-12-26 17:44:37,45.084,25
2018-12-26 17:44:42,45.084,25
2018-12-26 17:44:47,45.084,25
2018-12-26 17:44:52,45.084,25
2018-12-26 17:44:57,45.084,25
2018-12-26 17:45:02,45.084,25
2018-12-26 17:45:07,45.084,25
2018-12-26 17:45:12,45.622,31
2018-12-26 17:45:17,44.546,20
2018-12-26 17:45:22,45.084,25
2018-12-26 17:45:27,45.622,31
2018-12-26 17:45:32,45.084,26
2018-12-26 17:45:37,45.622,32
2018-12-26 17:45:42,45.084,27
2018-12-26 17:45:47,45.084,27
2018-12-26 17:45:52,45.084,27
2018-12-26 17:45:57,45.084,27
2018-12-26 17:46:02,45.084,27
2018-12-26 17:46:07,45.084,27
2018-12-26 17:46:12,45.084,27
2018-12-26 17:46:17,45.084,27
2018-12-26 17:46:22,45.084,27
2018-12-26 17:46:27,45.084,27
2018-12-26 17:46:32,45.084,28
2018-12-26 17:46:37,45.084,28
2018-12-26 17:46:42,45.084,28
2018-12-26 17:46:47,44.546,22
2018-12-26 17:46:52,45.084,27
2018-12-26 17:46:57,44.546,21
2018-12-26 17:47:02,45.084,27
2018-12-26 17:47:07,44.008,0
2018-12-26 17:47:12,45.084,26
2018-12-26 17:47:17,44.546,20
2018-12-26 17:47:22,45.084,26
2018-12-26 17:47:27,45.084,26
2018-12-26 17:47:32,45.084,26
2018-12-26 17:47:37,45.084,26
2018-12-26 17:47:42,45.084,26
2018-12-26 17:47:47,44.546,20
2018-12-26 17:47:52,45.084,26
2018-12-26 17:47:57,45.084,26
2018-12-26 17:48:02,45.084,26
2018-12-26 17:48:07,45.084,26
2018-12-26 17:48:12,45.622,32
2018-12-26 17:48:17,45.084,27
2018-12-26 17:48:22,44.546,21
2018-12-26 17:48:27,45.084,26
2018-12-26 17:48:32,44.546,20
2018-12-26 17:48:37,45.084,26
2018-12-26 17:48:42,45.084,26
2018-12-26 17:48:47,45.084,26
2018-12-26 17:48:52,45.084,26
2018-12-26 17:48:57,45.084,26
2018-12-26 17:49:02,45.084,26
2018-12-26 17:49:07,44.546,20
2018-12-26 17:49:12,45.084,26
2018-12-26 17:49:17,44.546,20
2018-12-26 17:49:22,45.084,26
2018-12-26 17:49:27,45.084,26
2018-12-26 17:49:32,45.084,26
2018-12-26 17:49:37,45.084,26
2018-12-26 17:49:42,45.084,26
2018-12-26 17:49:47,44.546,20
2018-12-26 17:49:52,45.084,25
2018-12-26 17:49:57,45.084,26
2018-12-26 17:50:02,44.546,20
2018-12-26 17:50:07,45.084,25
2018-12-26 17:50:13,45.084,25
2018-12-26 17:50:18,45.084,25
2018-12-26 17:50:23,45.084,25
2018-12-26 17:50:28,44.546,20
2018-12-26 17:50:33,44.546,0
2018-12-26 17:50:38,45.084,25
2018-12-26 17:50:43,45.084,25
2018-12-26 17:50:48,45.622,31
2018-12-26 17:50:53,45.084,25
2018-12-26 17:50:58,45.084,26
2018-12-26 17:51:03,44.546,20
2018-12-26 17:51:08,45.084,25
2018-12-26 17:51:13,45.622,31
2018-12-26 17:51:18,45.084,26
2018-12-26 17:51:23,45.084,26
2018-12-26 17:51:28,45.084,26
2018-12-26 17:51:33,45.084,26
2018-12-26 17:51:38,45.084,26
2018-12-26 17:51:43,45.084,26
2018-12-26 17:51:48,45.084,26
2018-12-26 17:51:53,45.084,26
2018-12-26 17:51:58,45.084,27
2018-12-26 17:52:03,45.084,27
2018-12-26 17:52:08,44.546,21
2018-12-26 17:52:13,45.084,26
2018-12-26 17:52:18,45.084,26
2018-12-26 17:52:23,45.084,26
2018-12-26 17:52:28,45.084,26
2018-12-26 17:52:33,45.084,27
2018-12-26 17:52:38,45.084,27
2018-12-26 17:52:43,45.084,27
2018-12-26 17:52:48,45.084,27
2018-12-26 17:52:53,44.546,21
2018-12-26 17:52:58,45.084,26
2018-12-26 17:53:03,45.084,27
2018-12-26 17:53:08,45.622,33
2018-12-26 17:53:13,45.084,27
2018-12-26 17:53:18,45.084,27
2018-12-26 17:53:23,45.084,27
2018-12-26 17:53:28,45.084,27
2018-12-26 17:53:33,45.084,28
2018-12-26 17:53:38,45.084,28
2018-12-26 17:53:43,45.084,28
2018-12-26 17:53:48,45.084,28
2018-12-26 17:53:53,45.084,28
2018-12-26 17:53:58,45.084,28
2018-12-26 17:54:03,45.084,28
2018-12-26 17:54:08,45.084,28
2018-12-26 17:54:13,45.084,28
2018-12-26 17:54:18,45.084,28
2018-12-26 17:54:23,45.084,28
2018-12-26 17:54:28,44.546,23
2018-12-26 17:54:33,45.084,28
2018-12-26 17:54:38,45.084,28
2018-12-26 17:54:43,45.084,28
2018-12-26 17:54:48,44.546,22
2018-12-26 17:54:53,44.546,22
2018-12-26 17:54:58,45.084,27
2018-12-26 17:55:03,45.084,27
2018-12-26 17:55:08,45.084,28
2018-12-26 17:55:13,45.084,28
2018-12-26 17:55:18,45.084,28
2018-12-26 17:55:23,45.084,28
2018-12-26 17:55:28,45.084,28
2018-12-26 17:55:33,45.084,28
2018-12-26 17:55:38,45.622,34
2018-12-26 17:55:43,45.084,29
2018-12-26 17:55:48,45.622,35
2018-12-26 17:55:53,45.084,29
2018-12-26 17:55:58,44.546,24
2018-12-26 17:56:03,45.622,35
2018-12-26 17:56:08,45.084,30
2018-12-26 17:56:13,45.084,30
2018-12-26 17:56:18,45.084,30
2018-12-26 17:56:23,45.084,30
2018-12-26 17:56:28,45.084,30
2018-12-26 17:56:33,45.084,30
2018-12-26 17:56:38,45.084,30
2018-12-26 17:56:43,45.084,30
2018-12-26 17:56:48,44.546,24
2018-12-26 17:56:53,45.084,30
2018-12-26 17:56:58,44.546,24
2018-12-26 17:57:03,44.546,24
2018-12-26 17:57:08,44.546,23
2018-12-26 17:57:13,45.084,29
2018-12-26 17:57:18,45.084,29
2018-12-26 17:57:23,45.084,29
2018-12-26 17:57:28,45.084,29
2018-12-26 17:57:33,45.084,29
2018-12-26 17:57:38,45.084,29
2018-12-26 17:57:43,45.084,29
2018-12-26 17:57:48,45.084,29
2018-12-26 17:57:53,45.084,29
2018-12-26 17:57:58,45.084,29
2018-12-26 17:58:03,45.084,29
2018-12-26 17:58:08,45.084,30
2018-12-26 17:58:13,45.084,30
2018-12-26 17:58:18,45.084,30
2018-12-26 17:58:23,45.084,30
2018-12-26 17:58:28,44.546,24
2018-12-26 17:58:33,45.084,29
2018-12-26 17:58:38,44.008,0
2018-12-26 17:58:43,45.084,28
2018-12-26 17:58:48,44.546,23
2018-12-26 17:58:53,45.084,28
2018-12-26 17:58:58,45.084,28
2018-12-26 17:59:03,45.084,28
2018-12-26 17:59:08,44.546,22
2018-12-26 17:59:13,44.546,22
2018-12-26 17:59:18,45.084,27
2018-12-26 17:59:23,45.084,28
2018-12-26 17:59:28,45.084,28
2018-12-26 17:59:33,45.084,28
2018-12-26 17:59:38,45.084,28
2018-12-26 17:59:43,45.084,28
2018-12-26 17:59:48,45.084,28
2018-12-26 17:59:53,44.546,22
2018-12-26 17:59:58,44.546,22
2018-12-26 18:00:03,45.084,27
2018-12-26 18:00:08,45.084,27
2018-12-26 18:00:13,45.084,27
2018-12-26 18:00:18,45.084,27
2018-12-26 18:00:23,45.084,27
2018-12-26 18:00:28,45.084,28
2018-12-26 18:00:33,45.084,28
2018-12-26 18:00:38,44.546,22
2018-12-26 18:00:43,45.084,27
2018-12-26 18:00:48,44.546,21
2018-12-26 18:00:53,45.084,27
2018-12-26 18:00:58,45.622,33
2018-12-26 18:01:03,45.084,28
2018-12-26 18:01:08,44.546,22
2018-12-26 18:01:13,44.546,21
2018-12-26 18:01:18,45.084,27
2018-12-26 18:01:23,45.622,33
2018-12-26 18:01:28,44.546,22
2018-12-26 18:01:33,45.084,27
2018-12-26 18:01:38,45.084,27
2018-12-26 18:01:43,45.084,27
2018-12-26 18:01:48,45.084,27
2018-12-26 18:01:53,44.546,21
2018-12-26 18:01:58,45.084,27
2018-12-26 18:02:03,45.084,27
2018-12-26 18:02:08,45.084,27
2018-12-26 18:02:13,45.084,27
2018-12-26 18:02:18,45.084,27
2018-12-26 18:02:23,45.084,27
2018-12-26 18:02:28,45.084,27
2018-12-26 18:02:33,45.084,28
2018-12-26 18:02:38,45.084,28
2018-12-26 18:02:43,45.084,28
2018-12-26 18:02:48,45.084,28
2018-12-26 18:02:53,45.084,28
2018-12-26 18:02:58,45.084,28
2018-12-26 18:03:03,45.084,28
2018-12-26 18:03:08,44.546,22
2018-12-26 18:03:13,45.084,28
2018-12-26 18:03:18,45.084,28
2018-12-26 18:03:23,45.084,28
2018-12-26 18:03:28,45.084,28
2018-12-26 18:03:33,45.084,28
2018-12-26 18:03:38,45.622,34
2018-12-26 18:03:43,45.084,29
2018-12-26 18:03:48,45.084,29
2018-12-26 18:03:53,45.084,29
2018-12-26 18:03:58,45.084,29
2018-12-26 18:04:03,44.546,23
2018-12-26 18:04:08,44.008,0
2018-12-26 18:04:13,45.084,28
2018-12-26 18:04:18,45.084,28
2018-12-26 18:04:23,45.084,28
2018-12-26 18:04:28,45.084,28
2018-12-26 18:04:33,45.084,28
2018-12-26 18:04:38,44.546,22
2018-12-26 18:04:43,45.084,28
2018-12-26 18:04:48,45.084,28
2018-12-26 18:04:53,45.084,28
2018-12-26 18:04:58,44.546,22
2018-12-26 18:05:03,45.084,27
2018-12-26 18:05:08,45.084,27
2018-12-26 18:05:13,45.084,28
2018-12-26 18:05:18,45.084,28
2018-12-26 18:05:23,44.008,0
2018-12-26 18:05:28,45.084,27
2018-12-26 18:05:33,44.546,21
2018-12-26 18:05:38,45.084,26
2018-12-26 18:05:43,45.084,26
2018-12-26 18:05:48,45.084,26
2018-12-26 18:05:53,45.084,27
2018-12-26 18:05:58,45.084,27
2018-12-26 18:06:03,45.084,27
2018-12-26 18:06:08,45.084,27
2018-12-26 18:06:13,45.084,27
2018-12-26 18:06:19,45.084,27
2018-12-26 18:06:24,44.546,21
2018-12-26 18:06:29,45.084,27
2018-12-26 18:06:34,45.084,27
2018-12-26 18:06:39,45.084,27
2018-12-26 18:06:44,45.084,27
2018-12-26 18:06:49,45.084,27
2018-12-26 18:06:54,45.084,27
2018-12-26 18:06:59,44.546,21
2018-12-26 18:07:04,45.084,27
2018-12-26 18:07:09,45.622,33
2018-12-26 18:07:14,45.084,27
2018-12-26 18:07:19,45.084,27
2018-12-26 18:07:24,45.084,28
2018-12-26 18:07:29,44.546,22
2018-12-26 18:07:34,45.084,27
2018-12-26 18:07:39,45.084,27
2018-12-26 18:07:44,44.546,21
2018-12-26 18:07:49,45.084,27
2018-12-26 18:07:54,45.084,27
2018-12-26 18:07:59,45.084,27
2018-12-26 18:08:04,44.546,21
2018-12-26 18:08:09,45.084,27
2018-12-26 18:08:14,45.084,27
2018-12-26 18:08:19,45.084,27
2018-12-26 18:08:24,45.084,27
2018-12-26 18:08:29,45.084,27
2018-12-26 18:08:34,45.084,27
2018-12-26 18:08:39,44.546,21
2018-12-26 18:08:44,45.084,27
2018-12-26 18:08:49,45.622,33
2018-12-26 18:08:54,45.084,27
2018-12-26 18:08:59,45.084,28
2018-12-26 18:09:04,45.622,34
2018-12-26 18:09:09,45.084,28
2018-12-26 18:09:14,44.546,22
2018-12-26 18:09:19,45.084,28
2018-12-26 18:09:24,44.008,0
2018-12-26 18:09:29,45.084,27
2018-12-26 18:09:34,44.546,21
2018-12-26 18:09:39,45.084,27
2018-12-26 18:09:44,45.622,33
2018-12-26 18:09:49,45.084,27
2018-12-26 18:09:54,45.084,27
2018-12-26 18:09:59,45.084,27
2018-12-26 18:10:04,45.084,28
2018-12-26 18:10:09,45.084,28
2018-12-26 18:10:14,45.084,28
2018-12-26 18:10:19,45.084,28
2018-12-26 18:10:24,45.084,28
2018-12-26 18:10:29,45.084,28
2018-12-26 18:10:34,45.084,28
2018-12-26 18:10:39,44.546,22
2018-12-26 18:10:44,44.546,22
2018-12-26 18:10:49,45.084,27
2018-12-26 18:10:54,44.008,0
2018-12-26 18:10:59,45.084,26
2018-12-26 18:11:04,45.084,26
2018-12-26 18:11:09,45.084,26
2018-12-26 18:11:14,45.084,27
2018-12-26 18:11:19,45.084,27
2018-12-26 18:11:24,45.084,27
2018-12-26 18:11:29,45.084,27
2018-12-26 18:11:34,45.084,27
2018-12-26 18:11:39,45.084,27
2018-12-26 18:11:44,45.084,27
2018-12-26 18:11:49,45.084,27
2018-12-26 18:11:54,44.546,21
2018-12-26 18:11:59,44.546,21
2018-12-26 18:12:04,44.546,20
2018-12-26 18:12:09,45.084,26
2018-12-26 18:12:14,44.546,20
2018-12-26 18:12:19,45.084,25
2018-12-26 18:12:24,45.084,26
2018-12-26 18:12:29,45.084,26
2018-12-26 18:12:34,45.084,26
2018-12-26 18:12:39,45.084,26
2018-12-26 18:12:44,45.084,26
2018-12-26 18:12:49,45.084,26
2018-12-26 18:12:54,45.084,26
2018-12-26 18:12:59,45.084,26
2018-12-26 18:13:04,45.084,26
2018-12-26 18:13:09,45.084,26
2018-12-26 18:13:14,45.084,26
2018-12-26 18:13:19,45.084,27
2018-12-26 18:13:24,45.084,27
2018-12-26 18:13:29,44.546,21
2018-12-26 18:13:34,45.084,26
2018-12-26 18:13:39,45.084,26
2018-12-26 18:13:44,44.546,20
2018-12-26 18:13:49,44.546,20
2018-12-26 18:13:54,45.084,25
2018-12-26 18:13:59,45.084,26
2018-12-26 18:14:04,44.008,0
2018-12-26 18:14:09,45.084,25
2018-12-26 18:14:14,45.084,25
2018-12-26 18:14:19,45.084,25
2018-12-26 18:14:24,45.084,25
2018-12-26 18:14:29,45.084,25
2018-12-26 18:14:34,45.084,25
2018-12-26 18:14:39,45.084,25
2018-12-26 18:14:44,45.084,25
2018-12-26 18:14:49,45.084,25
2018-12-26 18:14:54,45.084,25
2018-12-26 18:14:59,45.084,25
